image_id,tumor,benign,malignant,stratum,split,is_labeled
IMG001050.jpeg,1,1,0,ben_lower,train,True
IMG000364.jpeg,1,1,0,ben_lower,train,True
IMG001084.jpeg,1,1,0,ben_lower,train,True
IMG001428.jpeg,1,1,0,ben_lower,train,True
IMG001095.jpeg,1,1,0,ben_lower,train,True
IMG000390.jpeg,1,1,0,ben_lower,train,True
IMG001328.jpeg,1,1,0,ben_lower,train,True
IMG001611.jpeg,1,1,0,ben_lower,train,True
IMG000996.jpeg,1,1,0,ben_lower,train,True
IMG001108.jpeg,1,1,0,ben_lower,train,True
IMG001562.jpeg,1,1,0,ben_lower,train,True
IMG000493.jpeg,1,1,0,ben_lower,train,True
IMG001468.jpeg,1,1,0,ben_lower,train,True
IMG000375.jpeg,1,1,0,ben_lower,train,True
IMG001098.jpeg,1,1,0,ben_lower,train,True
IMG001632.jpeg,1,1,0,ben_lower,train,True
IMG001152.jpeg,1,1,0,ben_lower,train,True
IMG000956.jpeg,1,1,0,ben_lower,train,True
IMG000306.jpeg,1,1,0,ben_lower,train,True
IMG000904.jpeg,1,1,0,ben_lower,train,True
IMG000613.jpeg,1,1,0,ben_lower,train,True
IMG001724.jpeg,1,1,0,ben_lower,train,True
IMG000949.jpeg,1,1,0,ben_lower,train,True
IMG001450.jpeg,1,1,0,ben_lower,train,True
IMG000440.jpeg,1,1,0,ben_lower,train,True
IMG000352.jpeg,1,1,0,ben_lower,train,True
IMG000670.jpeg,1,1,0,ben_lower,train,True
IMG001159.jpeg,1,1,0,ben_lower,train,True
IMG001520.jpeg,1,1,0,ben_lower,train,True
IMG001085.jpeg,1,1,0,ben_lower,train,True
IMG001234.jpeg,1,1,0,ben_lower,train,True
IMG000891.jpeg,1,1,0,ben_lower,train,True
IMG001230.jpeg,1,1,0,ben_lower,train,True
IMG001495.jpeg,1,1,0,ben_lower,train,True
IMG001118.jpeg,1,1,0,ben_lower,train,True
IMG000919.jpeg,1,1,0,ben_lower,train,True
IMG000302.jpeg,1,1,0,ben_lower,train,True
IMG001763.jpeg,1,1,0,ben_lower,train,True
IMG000810.jpeg,1,1,0,ben_lower,train,True
IMG000277.jpeg,1,1,0,ben_lower,train,True
IMG000811.jpeg,1,1,0,ben_lower,train,True
IMG000447.jpeg,1,1,0,ben_lower,train,True
IMG000449.jpeg,1,1,0,ben_lower,train,True
IMG000547.jpeg,1,1,0,ben_lower,train,True
IMG001710.jpeg,1,1,0,ben_lower,train,True
IMG001293.jpeg,1,1,0,ben_lower,train,True
IMG001386.jpeg,1,1,0,ben_lower,train,True
IMG000733.jpeg,1,1,0,ben_lower,train,True
IMG001588.jpeg,1,1,0,ben_lower,train,True
IMG001237.jpeg,1,1,0,ben_lower,train,True
IMG000943.jpeg,1,1,0,ben_lower,train,True
IMG000632.jpeg,1,1,0,ben_lower,train,True
IMG000265.jpeg,1,1,0,ben_lower,train,True
IMG001067.jpeg,1,1,0,ben_lower,train,True
IMG001212.jpeg,1,1,0,ben_lower,train,True
IMG000591.jpeg,1,1,0,ben_lower,train,True
IMG001536.jpeg,1,1,0,ben_lower,train,True
IMG000709.jpeg,1,1,0,ben_lower,train,True
IMG001157.jpeg,1,1,0,ben_lower,train,True
IMG001266.jpeg,1,1,0,ben_lower,train,True
IMG001821.jpeg,1,1,0,ben_lower,train,True
IMG000299.jpeg,1,1,0,ben_lower,train,True
IMG001831.jpeg,1,1,0,ben_lower,train,True
IMG000681.jpeg,1,1,0,ben_lower,train,True
IMG001662.jpeg,1,1,0,ben_lower,train,True
IMG000889.jpeg,1,1,0,ben_lower,train,True
IMG001424.jpeg,1,1,0,ben_lower,train,True
IMG001206.jpeg,1,1,0,ben_lower,train,True
IMG001167.jpeg,1,1,0,ben_lower,train,True
IMG000242.jpeg,1,1,0,ben_lower,train,True
IMG001298.jpeg,1,1,0,ben_lower,train,True
IMG000931.jpeg,1,1,0,ben_lower,train,True
IMG001274.jpeg,1,1,0,ben_lower,train,True
IMG001826.jpeg,1,1,0,ben_lower,train,True
IMG000444.jpeg,1,1,0,ben_lower,train,True
IMG000809.jpeg,1,1,0,ben_lower,train,True
IMG001241.jpeg,1,1,0,ben_lower,train,True
IMG000433.jpeg,1,1,0,ben_lower,train,True
IMG000515.jpeg,1,1,0,ben_lower,train,True
IMG000990.jpeg,1,1,0,ben_lower,train,True
IMG001552.jpeg,1,1,0,ben_lower,train,True
IMG000774.jpeg,1,1,0,ben_lower,train,True
IMG000452.jpeg,1,1,0,ben_lower,train,True
IMG001807.jpeg,1,1,0,ben_lower,train,True
IMG000850.jpeg,1,1,0,ben_lower,train,True
IMG001695.jpeg,1,1,0,ben_lower,train,True
IMG001372.jpeg,1,1,0,ben_lower,train,True
IMG000656.jpeg,1,1,0,ben_lower,train,True
IMG000436.jpeg,1,1,0,ben_lower,train,True
IMG000285.jpeg,1,1,0,ben_lower,train,True
IMG001500.jpeg,1,1,0,ben_lower,train,True
IMG001370.jpeg,1,1,0,ben_lower,train,True
IMG001688.jpeg,1,1,0,ben_lower,train,True
IMG000991.jpeg,1,1,0,ben_lower,train,True
IMG000627.jpeg,1,1,0,ben_lower,train,True
IMG001187.jpeg,1,1,0,ben_lower,train,True
IMG001070.jpeg,1,1,0,ben_lower,train,True
IMG001446.jpeg,1,1,0,ben_lower,train,True
IMG001426.jpeg,1,1,0,ben_lower,train,True
IMG001015.jpeg,1,1,0,ben_lower,train,True
IMG000712.jpeg,1,1,0,ben_lower,train,True
IMG000871.jpeg,1,1,0,ben_lower,train,True
IMG001514.jpeg,1,1,0,ben_lower,train,True
IMG000402.jpeg,1,1,0,ben_lower,train,True
IMG000986.jpeg,1,1,0,ben_lower,train,True
IMG000362.jpeg,1,1,0,ben_lower,train,True
IMG000531.jpeg,1,1,0,ben_lower,train,True
IMG001785.jpeg,1,1,0,ben_lower,train,True
IMG001154.jpeg,1,1,0,ben_lower,train,True
IMG001093.jpeg,1,1,0,ben_lower,train,True
IMG001711.jpeg,1,1,0,ben_lower,train,True
IMG000937.jpeg,1,1,0,ben_lower,train,True
IMG001275.jpeg,1,1,0,ben_lower,train,True
IMG000504.jpeg,1,1,0,ben_lower,train,True
IMG000536.jpeg,1,1,0,ben_lower,train,True
IMG001730.jpeg,1,1,0,ben_lower,train,True
IMG000675.jpeg,1,1,0,ben_lower,train,True
IMG000983.jpeg,1,1,0,ben_lower,train,True
IMG001087.jpeg,1,1,0,ben_lower,train,True
IMG000723.jpeg,1,1,0,ben_lower,train,True
IMG001073.jpeg,1,1,0,ben_lower,train,True
IMG000270.jpeg,1,1,0,ben_lower,train,True
IMG001223.jpeg,1,1,0,ben_lower,train,True
IMG000714.jpeg,1,1,0,ben_lower,train,True
IMG001104.jpeg,1,1,0,ben_lower,train,True
IMG000763.jpeg,1,1,0,ben_lower,train,True
IMG000284.jpeg,1,1,0,ben_lower,train,True
IMG001598.jpeg,1,1,0,ben_lower,train,True
IMG000310.jpeg,1,1,0,ben_lower,train,True
IMG001506.jpeg,1,1,0,ben_lower,train,True
IMG000804.jpeg,1,1,0,ben_lower,train,True
IMG000886.jpeg,1,1,0,ben_lower,train,True
IMG000909.jpeg,1,1,0,ben_lower,train,True
IMG000349.jpeg,1,1,0,ben_lower,train,True
IMG000396.jpeg,1,1,0,ben_lower,train,True
IMG000398.jpeg,1,1,0,ben_lower,train,True
IMG000374.jpeg,1,1,0,ben_lower,train,True
IMG000738.jpeg,1,1,0,ben_lower,train,True
IMG001721.jpeg,1,1,0,ben_lower,train,True
IMG001765.jpeg,1,1,0,ben_lower,train,True
IMG000506.jpeg,1,1,0,ben_lower,train,True
IMG000330.jpeg,1,1,0,ben_lower,train,True
IMG001007.jpeg,1,1,0,ben_lower,train,True
IMG001757.jpeg,1,1,0,ben_lower,train,True
IMG000434.jpeg,1,1,0,ben_lower,train,True
IMG001548.jpeg,1,1,0,ben_lower,train,True
IMG000674.jpeg,1,1,0,ben_lower,train,True
IMG000266.jpeg,1,1,0,ben_lower,train,True
IMG000458.jpeg,1,1,0,ben_lower,train,True
IMG000711.jpeg,1,1,0,ben_lower,train,True
IMG000264.jpeg,1,1,0,ben_lower,train,True
IMG000280.jpeg,1,1,0,ben_lower,train,True
IMG001220.jpeg,1,1,0,ben_lower,train,True
IMG001080.jpeg,1,1,0,ben_lower,train,True
IMG001321.jpeg,1,1,0,ben_lower,train,True
IMG001834.jpeg,1,1,0,ben_lower,train,True
IMG001222.jpeg,1,1,0,ben_lower,train,True
IMG001096.jpeg,1,1,0,ben_lower,train,True
IMG001183.jpeg,1,1,0,ben_lower,train,True
IMG000847.jpeg,1,1,0,ben_lower,train,True
IMG000577.jpeg,1,1,0,ben_lower,train,True
IMG000879.jpeg,1,1,0,ben_lower,train,True
IMG000662.jpeg,1,1,0,ben_lower,train,True
IMG001425.jpeg,1,1,0,ben_lower,train,True
IMG001833.jpeg,1,1,0,ben_lower,train,True
IMG001795.jpeg,1,1,0,ben_lower,train,True
IMG000628.jpeg,1,1,0,ben_lower,train,True
IMG001318.jpeg,1,1,0,ben_lower,train,True
IMG000538.jpeg,1,1,0,ben_lower,train,True
IMG001148.jpeg,1,1,0,ben_lower,train,True
IMG001568.jpeg,1,1,0,ben_lower,train,True
IMG001300.jpeg,1,1,0,ben_lower,train,True
IMG001543.jpeg,1,1,0,ben_lower,train,True
IMG000425.jpeg,1,1,0,ben_lower,train,True
IMG000802.jpeg,1,1,0,ben_lower,train,True
IMG001250.jpeg,1,1,0,ben_lower,train,True
IMG001019.jpeg,1,1,0,ben_lower,train,True
IMG000368.jpeg,1,1,0,ben_lower,train,True
IMG000982.jpeg,1,1,0,ben_lower,train,True
IMG001477.jpeg,1,1,0,ben_lower,train,True
IMG001714.jpeg,1,1,0,ben_lower,train,True
IMG001133.jpeg,1,1,0,ben_lower,train,True
IMG001348.jpeg,1,1,0,ben_lower,train,True
IMG001496.jpeg,1,1,0,ben_lower,train,True
IMG001190.jpeg,1,1,0,ben_lower,train,True
IMG001693.jpeg,1,1,0,ben_lower,train,True
IMG000655.jpeg,1,1,0,ben_lower,train,True
IMG001481.jpeg,1,1,0,ben_lower,train,True
IMG001407.jpeg,1,1,0,ben_lower,train,True
IMG000778.jpeg,1,1,0,ben_lower,train,True
IMG001338.jpeg,1,1,0,ben_lower,train,True
IMG000303.jpeg,1,1,0,ben_lower,train,True
IMG001392.jpeg,1,1,0,ben_lower,train,True
IMG000892.jpeg,1,1,0,ben_lower,train,True
IMG001727.jpeg,1,1,0,ben_lower,train,True
IMG001086.jpeg,1,1,0,ben_lower,train,True
IMG001479.jpeg,1,1,0,ben_lower,train,True
IMG000305.jpeg,1,1,0,ben_lower,train,True
IMG000756.jpeg,1,1,0,ben_lower,train,True
IMG000281.jpeg,1,1,0,ben_lower,train,True
IMG001780.jpeg,1,1,0,ben_lower,train,True
IMG001257.jpeg,1,1,0,ben_lower,train,True
IMG000881.jpeg,1,1,0,ben_lower,train,True
IMG000744.jpeg,1,1,0,ben_lower,train,True
IMG000399.jpeg,1,1,0,ben_lower,train,True
IMG000769.jpeg,1,1,0,ben_lower,train,True
IMG000813.jpeg,1,1,0,ben_lower,train,True
IMG001519.jpeg,1,1,0,ben_lower,train,True
IMG001213.jpeg,1,1,0,ben_lower,train,True
IMG001232.jpeg,1,1,0,ben_lower,train,True
IMG000618.jpeg,1,1,0,ben_lower,train,True
IMG001800.jpeg,1,1,0,ben_lower,train,True
IMG001165.jpeg,1,1,0,ben_lower,train,True
IMG000861.jpeg,1,1,0,ben_lower,train,True
IMG000579.jpeg,1,1,0,ben_lower,train,True
IMG001119.jpeg,1,1,0,ben_lower,train,True
IMG000439.jpeg,1,1,0,ben_lower,train,True
IMG001829.jpeg,1,1,0,ben_lower,train,True
IMG000917.jpeg,1,1,0,ben_lower,train,True
IMG000898.jpeg,1,1,0,ben_lower,train,True
IMG001412.jpeg,1,1,0,ben_lower,train,True
IMG000380.jpeg,1,1,0,ben_lower,train,True
IMG000313.jpeg,1,1,0,ben_lower,train,True
IMG000923.jpeg,1,1,0,ben_lower,train,True
IMG000948.jpeg,1,1,0,ben_lower,train,True
IMG000239.jpeg,1,1,0,ben_lower,train,True
IMG000518.jpeg,1,1,0,ben_lower,train,True
IMG001777.jpeg,1,1,0,ben_lower,train,True
IMG001705.jpeg,1,1,0,ben_lower,train,True
IMG001729.jpeg,1,1,0,ben_lower,train,True
IMG001758.jpeg,1,1,0,ben_lower,train,True
IMG000404.jpeg,1,1,0,ben_lower,train,True
IMG000478.jpeg,1,1,0,ben_lower,train,True
IMG000930.jpeg,1,1,0,ben_lower,train,True
IMG000631.jpeg,1,1,0,ben_lower,train,True
IMG001491.jpeg,1,1,0,ben_lower,train,True
IMG001531.jpeg,1,1,0,ben_lower,train,True
IMG000381.jpeg,1,1,0,ben_lower,train,True
IMG000490.jpeg,1,1,0,ben_lower,train,True
IMG001467.jpeg,1,1,0,ben_lower,train,True
IMG001303.jpeg,1,1,0,ben_lower,train,True
IMG001606.jpeg,1,1,0,ben_lower,train,True
IMG001002.jpeg,1,1,0,ben_lower,train,True
IMG001687.jpeg,1,1,0,ben_lower,train,True
IMG001456.jpeg,1,1,0,ben_lower,train,True
IMG001047.jpeg,1,1,0,ben_lower,train,True
IMG000994.jpeg,1,1,0,ben_lower,train,True
IMG000659.jpeg,1,1,0,ben_lower,train,True
IMG001288.jpeg,1,1,0,ben_lower,train,True
IMG000786.jpeg,1,1,0,ben_lower,train,True
IMG000853.jpeg,1,1,0,ben_lower,train,True
IMG001040.jpeg,1,1,0,ben_lower,train,True
IMG001478.jpeg,1,1,0,ben_lower,train,True
IMG000335.jpeg,1,1,0,ben_lower,train,True
IMG000926.jpeg,1,1,0,ben_lower,train,True
IMG001074.jpeg,1,1,0,ben_lower,train,True
IMG001635.jpeg,1,1,0,ben_lower,train,True
IMG000776.jpeg,1,1,0,ben_lower,train,True
IMG000921.jpeg,1,1,0,ben_lower,train,True
IMG001075.jpeg,1,1,0,ben_lower,train,True
IMG001278.jpeg,1,1,0,ben_lower,train,True
IMG000768.jpeg,1,1,0,ben_lower,train,True
IMG000732.jpeg,1,1,0,ben_lower,train,True
IMG001125.jpeg,1,1,0,ben_lower,train,True
IMG000894.jpeg,1,1,0,ben_lower,train,True
IMG001228.jpeg,1,1,0,ben_lower,train,True
IMG000870.jpeg,1,1,0,ben_lower,train,True
IMG001498.jpeg,1,1,0,ben_lower,train,True
IMG000300.jpeg,1,1,0,ben_lower,train,True
IMG000947.jpeg,1,1,0,ben_lower,train,True
IMG001771.jpeg,1,1,0,ben_lower,train,True
IMG001146.jpeg,1,1,0,ben_lower,train,True
IMG000780.jpeg,1,1,0,ben_lower,train,True
IMG001238.jpeg,1,1,0,ben_lower,train,True
IMG000597.jpeg,1,1,0,ben_lower,train,True
IMG000427.jpeg,1,1,0,ben_lower,train,True
IMG001036.jpeg,1,1,0,ben_lower,train,True
IMG000973.jpeg,1,1,0,ben_lower,train,True
IMG001538.jpeg,1,1,0,ben_lower,train,True
IMG000708.jpeg,1,1,0,ben_lower,train,True
IMG001387.jpeg,1,1,0,ben_lower,train,True
IMG000492.jpeg,1,1,0,ben_lower,train,True
IMG000561.jpeg,1,1,0,ben_lower,train,True
IMG000914.jpeg,1,1,0,ben_lower,train,True
IMG001725.jpeg,1,1,0,ben_lower,train,True
IMG001719.jpeg,1,1,0,ben_lower,train,True
IMG000243.jpeg,1,1,0,ben_lower,train,True
IMG000476.jpeg,1,1,0,ben_lower,train,True
IMG000625.jpeg,1,1,0,ben_lower,train,True
IMG001503.jpeg,1,1,0,ben_lower,train,True
IMG001814.jpeg,1,1,0,ben_lower,train,True
IMG000821.jpeg,1,1,0,ben_lower,train,True
IMG000646.jpeg,1,1,0,ben_lower,train,True
IMG000481.jpeg,1,1,0,ben_lower,train,True
IMG001470.jpeg,1,1,0,ben_lower,train,True
IMG000664.jpeg,1,1,0,ben_lower,train,True
IMG001836.jpeg,1,1,0,ben_lower,train,True
IMG000445.jpeg,1,1,0,ben_lower,train,True
IMG001121.jpeg,1,1,0,ben_lower,train,True
IMG000924.jpeg,1,1,0,ben_lower,train,True
IMG000294.jpeg,1,1,0,ben_lower,train,True
IMG000378.jpeg,1,1,0,ben_lower,train,True
IMG001530.jpeg,1,1,0,ben_lower,train,True
IMG000503.jpeg,1,1,0,ben_lower,train,True
IMG001270.jpeg,1,1,0,ben_lower,train,True
IMG001317.jpeg,1,1,0,ben_lower,train,True
IMG001057.jpeg,1,1,0,ben_lower,train,True
IMG000672.jpeg,1,1,0,ben_lower,train,True
IMG001319.jpeg,1,1,0,ben_lower,train,True
IMG001141.jpeg,1,1,0,ben_lower,train,True
IMG001217.jpeg,1,1,0,ben_lower,train,True
IMG000856.jpeg,1,1,0,ben_lower,train,True
IMG000885.jpeg,1,1,0,ben_lower,train,True
IMG000692.jpeg,1,1,0,ben_lower,train,True
IMG000358.jpeg,1,1,0,ben_lower,train,True
IMG000498.jpeg,1,1,0,ben_lower,train,True
IMG001845.jpeg,1,1,0,ben_lower,train,True
IMG001565.jpeg,1,1,0,ben_lower,train,True
IMG001418.jpeg,1,1,0,ben_lower,train,True
IMG000750.jpeg,1,1,0,ben_lower,train,True
IMG001235.jpeg,1,1,0,ben_lower,train,True
IMG001076.jpeg,1,1,0,ben_lower,train,True
IMG000331.jpeg,1,1,0,ben_lower,train,True
IMG001651.jpeg,1,1,0,ben_lower,train,True
IMG001226.jpeg,1,1,0,ben_lower,train,True
IMG000849.jpeg,1,1,0,ben_lower,train,True
IMG000803.jpeg,1,1,0,ben_lower,train,True
IMG001175.jpeg,1,1,0,ben_lower,train,True
IMG000865.jpeg,1,1,0,ben_lower,train,True
IMG001286.jpeg,1,1,0,ben_lower,train,True
IMG000268.jpeg,1,1,0,ben_lower,train,True
IMG000286.jpeg,1,1,0,ben_lower,train,True
IMG001726.jpeg,1,1,0,ben_lower,train,True
IMG001101.jpeg,1,1,0,ben_lower,train,True
IMG000483.jpeg,1,1,0,ben_lower,train,True
IMG000276.jpeg,1,1,0,ben_lower,train,True
IMG001322.jpeg,1,1,0,ben_lower,train,True
IMG001102.jpeg,1,1,0,ben_lower,train,True
IMG000955.jpeg,1,1,0,ben_lower,train,True
IMG000832.jpeg,1,1,0,ben_lower,train,True
IMG000413.jpeg,1,1,0,ben_lower,train,True
IMG000808.jpeg,1,1,0,ben_lower,train,True
IMG001666.jpeg,1,1,0,ben_lower,train,True
IMG000737.jpeg,1,1,0,ben_lower,train,True
IMG001287.jpeg,1,1,0,ben_lower,train,True
IMG001768.jpeg,1,1,0,ben_lower,train,True
IMG000580.jpeg,1,1,0,ben_lower,train,True
IMG001526.jpeg,1,1,0,ben_lower,train,True
IMG001738.jpeg,1,1,0,ben_lower,train,True
IMG000946.jpeg,1,1,0,ben_lower,train,True
IMG001109.jpeg,1,1,0,ben_lower,train,True
IMG001337.jpeg,1,1,0,ben_lower,train,True
IMG001610.jpeg,1,1,0,ben_lower,train,True
IMG000584.jpeg,1,1,0,ben_lower,train,True
IMG001229.jpeg,1,1,0,ben_lower,train,True
IMG001342.jpeg,1,1,0,ben_lower,train,True
IMG001347.jpeg,1,1,0,ben_lower,train,True
IMG001518.jpeg,1,1,0,ben_lower,train,True
IMG000753.jpeg,1,1,0,ben_lower,train,True
IMG001103.jpeg,1,1,0,ben_lower,train,True
IMG001731.jpeg,1,1,0,ben_lower,train,True
IMG001594.jpeg,1,1,0,ben_lower,train,True
IMG001341.jpeg,1,1,0,ben_lower,train,True
IMG001823.jpeg,1,1,0,ben_lower,train,True
IMG001240.jpeg,1,1,0,ben_lower,train,True
IMG001818.jpeg,1,1,0,ben_lower,train,True
IMG001393.jpeg,1,1,0,ben_lower,train,True
IMG000589.jpeg,1,1,0,ben_lower,train,True
IMG000357.jpeg,1,1,0,ben_lower,train,True
IMG000526.jpeg,1,1,0,ben_lower,train,True
IMG001309.jpeg,1,1,0,ben_lower,train,True
IMG000728.jpeg,1,1,0,ben_lower,train,True
IMG000474.jpeg,1,1,0,ben_lower,train,True
IMG000784.jpeg,1,1,0,ben_lower,train,True
IMG000261.jpeg,1,1,0,ben_lower,train,True
IMG001301.jpeg,1,1,0,ben_lower,train,True
IMG000563.jpeg,1,1,0,ben_lower,train,True
IMG000846.jpeg,1,1,0,ben_lower,train,True
IMG001547.jpeg,1,1,0,ben_lower,train,True
IMG000602.jpeg,1,1,0,ben_lower,train,True
IMG000911.jpeg,1,1,0,ben_lower,train,True
IMG000985.jpeg,1,1,0,ben_lower,train,True
IMG000653.jpeg,1,1,0,ben_lower,train,True
IMG000770.jpeg,1,1,0,ben_lower,train,True
IMG001417.jpeg,1,1,0,ben_lower,train,True
IMG000649.jpeg,1,1,0,ben_lower,train,True
IMG001774.jpeg,1,1,0,ben_lower,train,True
IMG000807.jpeg,1,1,0,ben_lower,train,True
IMG000782.jpeg,1,1,0,ben_lower,train,True
IMG001099.jpeg,1,1,0,ben_lower,train,True
IMG000484.jpeg,1,1,0,ben_lower,train,True
IMG001524.jpeg,1,1,0,ben_lower,train,True
IMG001561.jpeg,1,1,0,ben_lower,train,True
IMG001023.jpeg,1,1,0,ben_lower,train,True
IMG001279.jpeg,1,1,0,ben_lower,train,True
IMG001063.jpeg,1,1,0,ben_lower,train,True
IMG000252.jpeg,1,1,0,ben_lower,train,True
IMG000908.jpeg,1,1,0,ben_lower,train,True
IMG000676.jpeg,1,1,0,ben_lower,train,True
IMG000916.jpeg,1,1,0,ben_lower,train,True
IMG000510.jpeg,1,1,0,ben_lower,train,True
IMG000980.jpeg,1,1,0,ben_lower,train,True
IMG001081.jpeg,1,1,0,ben_lower,train,True
IMG000282.jpeg,1,1,0,ben_lower,train,True
IMG001197.jpeg,1,1,0,ben_lower,train,True
IMG000588.jpeg,1,1,0,ben_lower,train,True
IMG000651.jpeg,1,1,0,ben_lower,train,True
IMG001452.jpeg,1,1,0,ben_lower,train,True
IMG001132.jpeg,1,1,0,ben_lower,train,True
IMG001124.jpeg,1,1,0,ben_lower,train,True
IMG001354.jpeg,1,1,0,ben_lower,train,True
IMG001143.jpeg,1,1,0,ben_lower,train,True
IMG000751.jpeg,1,1,0,ben_lower,train,True
IMG000351.jpeg,1,1,0,ben_lower,train,True
IMG000745.jpeg,1,1,0,ben_lower,train,True
IMG000928.jpeg,1,1,0,ben_lower,train,True
IMG001026.jpeg,1,1,0,ben_lower,train,True
IMG001100.jpeg,1,1,0,ben_lower,train,True
IMG001163.jpeg,1,1,0,ben_lower,train,True
IMG000297.jpeg,1,1,0,ben_lower,train,True
IMG001733.jpeg,1,1,0,ben_lower,train,True
IMG001569.jpeg,1,1,0,ben_lower,train,True
IMG000473.jpeg,1,1,0,ben_lower,train,True
IMG000428.jpeg,1,1,0,ben_lower,train,True
IMG000403.jpeg,1,1,0,ben_lower,train,True
IMG001672.jpeg,1,1,0,ben_lower,train,True
IMG000757.jpeg,1,1,0,ben_lower,train,True
IMG001033.jpeg,1,1,0,ben_lower,train,True
IMG001374.jpeg,1,1,0,ben_lower,train,True
IMG000429.jpeg,1,1,0,ben_lower,train,True
IMG001224.jpeg,1,1,0,ben_lower,train,True
IMG000703.jpeg,1,1,0,ben_lower,train,True
IMG001335.jpeg,1,1,0,ben_lower,train,True
IMG000638.jpeg,1,1,0,ben_lower,train,True
IMG001708.jpeg,1,1,0,ben_lower,train,True
IMG000790.jpeg,1,1,0,ben_lower,train,True
IMG001615.jpeg,1,1,0,ben_lower,train,True
IMG001822.jpeg,1,1,0,ben_lower,train,True
IMG000988.jpeg,1,1,0,ben_lower,train,True
IMG000410.jpeg,1,1,0,ben_lower,train,True
IMG001042.jpeg,1,1,0,ben_lower,train,True
IMG000421.jpeg,1,1,0,ben_lower,train,True
IMG000953.jpeg,1,1,0,ben_lower,train,True
IMG000945.jpeg,1,1,0,ben_lower,train,True
IMG001169.jpeg,1,1,0,ben_lower,train,True
IMG000777.jpeg,1,1,0,ben_lower,train,True
IMG000354.jpeg,1,1,0,ben_lower,train,True
IMG001051.jpeg,1,1,0,ben_lower,train,True
IMG000654.jpeg,1,1,0,ben_lower,train,True
IMG000848.jpeg,1,1,0,ben_lower,train,True
IMG000968.jpeg,1,1,0,ben_lower,train,True
IMG000620.jpeg,1,1,0,ben_lower,train,True
IMG000762.jpeg,1,1,0,ben_lower,train,True
IMG000829.jpeg,1,1,0,ben_lower,train,True
IMG000696.jpeg,1,1,0,ben_lower,train,True
IMG000574.jpeg,1,1,0,ben_lower,train,True
IMG000887.jpeg,1,1,0,ben_lower,train,True
IMG000783.jpeg,1,1,0,ben_lower,train,True
IMG000456.jpeg,1,1,0,ben_lower,train,True
IMG000685.jpeg,1,1,0,ben_lower,train,True
IMG000661.jpeg,1,1,0,ben_lower,train,True
IMG001722.jpeg,1,1,0,ben_lower,train,True
IMG001111.jpeg,1,1,0,ben_lower,train,True
IMG000906.jpeg,1,1,0,ben_lower,train,True
IMG001276.jpeg,1,1,0,ben_lower,train,True
IMG000337.jpeg,1,1,0,ben_lower,train,True
IMG001861.jpeg,1,1,0,ben_lower,train,True
IMG001258.jpeg,1,1,0,ben_lower,train,True
IMG000859.jpeg,1,1,0,ben_lower,train,True
IMG001756.jpeg,1,1,0,ben_lower,train,True
IMG001044.jpeg,1,1,0,ben_lower,train,True
IMG001072.jpeg,1,1,0,ben_lower,train,True
IMG000587.jpeg,1,1,0,ben_lower,train,True
IMG000637.jpeg,1,1,0,ben_lower,train,True
IMG000929.jpeg,1,1,0,ben_lower,train,True
IMG000818.jpeg,1,1,0,ben_lower,train,True
IMG000363.jpeg,1,1,0,ben_lower,train,True
IMG001732.jpeg,1,1,0,ben_lower,train,True
IMG001698.jpeg,1,1,0,ben_lower,train,True
IMG000805.jpeg,1,1,0,ben_lower,train,True
IMG001830.jpeg,1,1,0,ben_lower,train,True
IMG000934.jpeg,1,1,0,ben_lower,train,True
IMG001025.jpeg,1,1,0,ben_lower,train,True
IMG000979.jpeg,1,1,0,ben_lower,train,True
IMG000781.jpeg,1,1,0,ben_lower,train,True
IMG001860.jpeg,1,1,0,ben_lower,train,True
IMG001271.jpeg,1,1,0,ben_lower,train,True
IMG000742.jpeg,1,1,0,ben_lower,train,True
IMG000719.jpeg,1,1,0,ben_lower,train,True
IMG001174.jpeg,1,1,0,ben_lower,train,True
IMG000407.jpeg,1,1,0,ben_lower,train,True
IMG001059.jpeg,1,1,0,ben_lower,train,True
IMG001399.jpeg,1,1,0,ben_lower,train,True
IMG000989.jpeg,1,1,0,ben_lower,train,True
IMG000746.jpeg,1,1,0,ben_lower,train,True
IMG000761.jpeg,1,1,0,ben_lower,train,True
IMG001327.jpeg,1,1,0,ben_lower,train,True
IMG000669.jpeg,1,1,0,ben_lower,train,True
IMG001699.jpeg,1,1,0,ben_lower,train,True
IMG001295.jpeg,1,1,0,ben_lower,train,True
IMG000537.jpeg,1,1,0,ben_lower,train,True
IMG001054.jpeg,1,1,0,ben_lower,train,True
IMG000293.jpeg,1,1,0,ben_lower,train,True
IMG001792.jpeg,1,1,0,ben_lower,train,True
IMG000860.jpeg,1,1,0,ben_lower,train,True
IMG001055.jpeg,1,1,0,ben_lower,train,True
IMG001346.jpeg,1,1,0,ben_lower,train,True
IMG000938.jpeg,1,1,0,ben_lower,train,True
IMG000409.jpeg,1,1,0,ben_lower,train,True
IMG000272.jpeg,1,1,0,ben_lower,train,True
IMG000254.jpeg,1,1,0,ben_lower,train,True
IMG000441.jpeg,1,1,0,ben_lower,train,True
IMG001537.jpeg,1,1,0,ben_lower,train,True
IMG001398.jpeg,1,1,0,ben_lower,train,True
IMG000700.jpeg,1,1,0,ben_lower,train,True
IMG001769.jpeg,1,1,0,ben_lower,train,True
IMG001653.jpeg,1,1,0,ben_lower,train,True
IMG000731.jpeg,1,1,0,ben_lower,train,True
IMG000665.jpeg,1,1,0,ben_lower,train,True
IMG000359.jpeg,1,1,0,ben_lower,train,True
IMG000475.jpeg,1,1,0,ben_lower,train,True
IMG001331.jpeg,1,1,0,ben_lower,train,True
IMG001168.jpeg,1,1,0,ben_lower,train,True
IMG000970.jpeg,1,1,0,ben_lower,train,True
IMG001106.jpeg,1,1,0,ben_lower,train,True
IMG001786.jpeg,1,1,0,ben_lower,train,True
IMG000713.jpeg,1,1,0,ben_lower,train,True
IMG001449.jpeg,1,1,0,ben_lower,train,True
IMG001083.jpeg,1,1,0,ben_lower,train,True
IMG000668.jpeg,1,1,0,ben_lower,train,True
IMG000694.jpeg,1,1,0,ben_lower,train,True
IMG001507.jpeg,1,1,0,ben_lower,train,True
IMG000822.jpeg,1,1,0,ben_lower,train,True
IMG000689.jpeg,1,1,0,ben_lower,train,True
IMG001846.jpeg,1,1,0,ben_lower,train,True
IMG001273.jpeg,1,1,0,ben_lower,train,True
IMG000855.jpeg,1,1,0,ben_lower,train,True
IMG001306.jpeg,1,1,0,ben_lower,train,True
IMG001089.jpeg,1,1,0,ben_lower,train,True
IMG000682.jpeg,1,1,0,ben_lower,train,True
IMG001553.jpeg,1,1,0,ben_lower,train,True
IMG000718.jpeg,1,1,0,ben_lower,train,True
IMG000830.jpeg,1,1,0,ben_lower,train,True
IMG000699.jpeg,1,1,0,ben_lower,train,True
IMG001517.jpeg,1,1,0,ben_lower,train,True
IMG001185.jpeg,1,1,0,ben_lower,train,True
IMG000411.jpeg,1,1,0,ben_lower,train,True
IMG001218.jpeg,1,1,0,ben_lower,train,True
IMG001349.jpeg,1,1,0,ben_lower,train,True
IMG001480.jpeg,1,1,0,ben_lower,train,True
IMG001325.jpeg,1,1,0,ben_lower,train,True
IMG000766.jpeg,1,1,0,ben_lower,train,True
IMG000517.jpeg,1,1,0,ben_lower,train,True
IMG001655.jpeg,1,1,0,ben_lower,train,True
IMG000984.jpeg,1,1,0,ben_lower,train,True
IMG000236.jpeg,1,1,0,ben_lower,train,True
IMG001294.jpeg,1,1,0,ben_lower,train,True
IMG001113.jpeg,1,1,0,ben_lower,train,True
IMG000626.jpeg,1,1,0,ben_lower,train,True
IMG001255.jpeg,1,1,0,ben_lower,train,True
IMG001589.jpeg,1,1,0,ben_lower,train,True
IMG001037.jpeg,1,1,0,ben_lower,train,True
IMG000969.jpeg,1,1,0,ben_lower,train,True
IMG000874.jpeg,1,1,0,ben_lower,train,True
IMG001766.jpeg,1,1,0,ben_lower,train,True
IMG000743.jpeg,1,1,0,ben_lower,train,True
IMG000872.jpeg,1,1,0,ben_lower,train,True
IMG001466.jpeg,1,1,0,ben_lower,train,True
IMG001062.jpeg,1,1,0,ben_lower,train,True
IMG001166.jpeg,1,1,0,ben_lower,train,True
IMG001557.jpeg,1,1,0,ben_lower,train,True
IMG001199.jpeg,1,1,0,ben_lower,train,True
IMG001186.jpeg,1,1,0,ben_lower,train,True
IMG000278.jpeg,1,1,0,ben_lower,train,True
IMG000725.jpeg,1,1,0,ben_lower,train,True
IMG001512.jpeg,1,1,0,ben_lower,train,True
IMG000816.jpeg,1,1,0,ben_lower,train,True
IMG001613.jpeg,1,1,0,ben_lower,train,True
IMG000749.jpeg,1,1,0,ben_lower,train,True
IMG001046.jpeg,1,1,0,ben_lower,train,True
IMG000342.jpeg,1,1,0,ben_lower,train,True
IMG001797.jpeg,1,1,0,ben_lower,train,True
IMG000722.jpeg,1,1,0,ben_lower,train,True
IMG001423.jpeg,1,1,0,ben_lower,train,True
IMG000508.jpeg,1,1,0,ben_lower,train,True
IMG000273.jpeg,1,1,0,ben_lower,train,True
IMG001864.jpeg,1,1,0,ben_lower,train,True
IMG000581.jpeg,1,1,0,ben_lower,train,True
IMG000695.jpeg,1,1,0,ben_lower,train,True
IMG000748.jpeg,1,1,0,ben_lower,train,True
IMG000905.jpeg,1,1,0,ben_lower,train,True
IMG000520.jpeg,1,1,0,ben_lower,train,True
IMG000575.jpeg,1,1,0,ben_lower,train,True
IMG000915.jpeg,1,1,0,ben_lower,train,True
IMG000295.jpeg,1,1,0,ben_lower,train,True
IMG000789.jpeg,1,1,0,ben_lower,train,True
IMG000393.jpeg,1,1,0,ben_lower,train,True
IMG001597.jpeg,1,1,0,ben_lower,train,True
IMG001554.jpeg,1,1,0,ben_lower,train,True
IMG001307.jpeg,1,1,0,ben_lower,train,True
IMG000842.jpeg,1,1,0,ben_lower,train,True
IMG000726.jpeg,1,1,0,ben_lower,train,True
IMG000487.jpeg,1,1,0,ben_lower,train,True
IMG000275.jpeg,1,1,0,ben_lower,train,True
IMG000845.jpeg,1,1,0,ben_lower,train,True
IMG000485.jpeg,1,1,0,ben_lower,train,True
IMG000464.jpeg,1,1,0,ben_lower,train,True
IMG001284.jpeg,1,1,0,ben_lower,train,True
IMG001256.jpeg,1,1,0,ben_lower,train,True
IMG001282.jpeg,1,1,0,ben_lower,train,True
IMG001038.jpeg,1,1,0,ben_lower,train,True
IMG001324.jpeg,1,1,0,ben_lower,train,True
IMG000382.jpeg,1,1,0,ben_lower,train,True
IMG001429.jpeg,1,1,0,ben_lower,train,True
IMG001137.jpeg,1,1,0,ben_lower,train,True
IMG000760.jpeg,1,1,0,ben_lower,train,True
IMG001219.jpeg,1,1,0,ben_lower,train,True
IMG000767.jpeg,1,1,0,ben_lower,train,True
IMG000698.jpeg,1,1,0,ben_lower,train,True
IMG000298.jpeg,1,1,0,ben_lower,train,True
IMG000416.jpeg,1,1,0,ben_lower,train,True
IMG001817.jpeg,1,1,0,ben_lower,train,True
IMG000442.jpeg,1,1,0,ben_lower,train,True
IMG001030.jpeg,1,1,0,ben_lower,train,True
IMG001064.jpeg,1,1,0,ben_lower,train,True
IMG001326.jpeg,1,1,0,ben_lower,train,True
IMG000291.jpeg,1,1,0,ben_lower,train,True
IMG001022.jpeg,1,1,0,ben_lower,train,True
IMG000443.jpeg,1,1,0,ben_lower,train,True
IMG001296.jpeg,1,1,0,ben_lower,train,True
IMG001499.jpeg,1,1,0,ben_lower,train,True
IMG001181.jpeg,1,1,0,ben_lower,train,True
IMG001707.jpeg,1,1,0,ben_lower,train,True
IMG000862.jpeg,1,1,0,ben_lower,train,True
IMG001029.jpeg,1,1,0,ben_lower,train,True
IMG000883.jpeg,1,1,0,ben_lower,train,True
IMG001511.jpeg,1,1,0,ben_lower,train,True
IMG000641.jpeg,1,1,0,ben_lower,train,True
IMG000422.jpeg,1,1,0,ben_lower,train,True
IMG000727.jpeg,1,1,0,ben_lower,train,True
IMG001539.jpeg,1,1,0,ben_lower,train,True
IMG000301.jpeg,1,1,0,ben_lower,train,True
IMG000657.jpeg,1,1,0,ben_lower,train,True
IMG001262.jpeg,1,1,0,ben_lower,train,True
IMG000370.jpeg,1,1,0,ben_lower,train,True
IMG000309.jpeg,1,1,0,ben_lower,train,True
IMG001571.jpeg,1,1,0,ben_lower,train,True
IMG001502.jpeg,1,1,0,ben_lower,train,True
IMG000957.jpeg,1,1,0,ben_lower,train,True
IMG001316.jpeg,1,1,0,ben_lower,train,True
IMG001130.jpeg,1,1,0,ben_lower,train,True
IMG000527.jpeg,1,1,0,ben_lower,train,True
IMG000741.jpeg,1,1,0,ben_lower,train,True
IMG000542.jpeg,1,1,0,ben_lower,train,True
IMG001088.jpeg,1,1,0,ben_lower,train,True
IMG000663.jpeg,1,1,0,ben_lower,train,True
IMG000652.jpeg,1,1,0,ben_lower,train,True
IMG000451.jpeg,1,1,0,ben_lower,train,True
IMG001570.jpeg,1,1,0,ben_lower,train,True
IMG000392.jpeg,1,1,0,ben_lower,train,True
IMG000401.jpeg,1,1,0,ben_lower,train,True
IMG000644.jpeg,1,1,0,ben_lower,train,True
IMG000426.jpeg,1,1,0,ben_lower,train,True
IMG000385.jpeg,1,1,0,ben_lower,train,True
IMG000687.jpeg,1,1,0,ben_lower,train,True
IMG001388.jpeg,1,1,0,ben_lower,train,True
IMG000246.jpeg,1,1,0,ben_lower,train,True
IMG001582.jpeg,1,1,0,ben_lower,train,True
IMG001097.jpeg,1,1,0,ben_lower,train,True
IMG000691.jpeg,1,1,0,ben_lower,train,True
IMG001018.jpeg,1,1,0,ben_lower,train,True
IMG001416.jpeg,1,1,0,ben_lower,train,True
IMG001775.jpeg,1,1,0,ben_lower,train,True
IMG000666.jpeg,1,1,0,ben_lower,train,True
IMG000775.jpeg,1,1,0,ben_lower,train,True
IMG001752.jpeg,1,1,0,ben_lower,train,True
IMG001231.jpeg,1,1,0,ben_lower,train,True
IMG000747.jpeg,1,1,0,ben_lower,train,True
IMG001340.jpeg,1,1,0,ben_lower,train,True
IMG001192.jpeg,1,1,0,ben_lower,train,True
IMG000958.jpeg,1,1,0,ben_lower,train,True
IMG001776.jpeg,1,1,0,ben_lower,train,True
IMG001009.jpeg,1,1,0,ben_lower,train,True
IMG000348.jpeg,1,1,0,ben_lower,train,True
IMG000379.jpeg,1,1,0,ben_lower,train,True
IMG001041.jpeg,1,1,0,ben_lower,train,True
IMG001107.jpeg,1,1,0,ben_lower,train,True
IMG001686.jpeg,1,1,0,ben_lower,train,True
IMG000251.jpeg,1,1,0,ben_lower,train,True
IMG000345.jpeg,1,1,0,ben_lower,train,True
IMG001204.jpeg,1,1,0,ben_lower,train,True
IMG000902.jpeg,1,1,0,ben_lower,train,True
IMG000688.jpeg,1,1,0,ben_lower,train,True
IMG001144.jpeg,1,1,0,ben_lower,train,True
IMG001422.jpeg,1,1,0,ben_lower,train,True
IMG000423.jpeg,1,1,0,ben_lower,train,True
IMG001692.jpeg,1,1,0,ben_lower,train,True
IMG001269.jpeg,1,1,0,ben_lower,train,True
IMG000594.jpeg,1,1,0,ben_lower,train,True
IMG001245.jpeg,1,1,0,ben_lower,train,True
IMG001344.jpeg,1,1,0,ben_lower,train,True
IMG001815.jpeg,1,1,0,ben_lower,train,True
IMG000639.jpeg,1,1,0,ben_lower,train,True
IMG001713.jpeg,1,1,0,ben_lower,train,True
IMG000987.jpeg,1,1,0,ben_lower,train,True
IMG001043.jpeg,1,1,0,ben_lower,train,True
IMG001644.jpeg,1,1,0,ben_lower,train,True
IMG001160.jpeg,1,1,0,ben_lower,train,True
IMG000854.jpeg,1,1,0,ben_lower,train,True
IMG000356.jpeg,1,1,0,ben_lower,train,True
IMG001105.jpeg,1,1,0,ben_lower,train,True
IMG000296.jpeg,1,1,0,ben_lower,train,True
IMG001077.jpeg,1,1,0,ben_lower,train,True
IMG001788.jpeg,1,1,0,ben_lower,train,True
IMG001663.jpeg,1,1,0,ben_lower,train,True
IMG001048.jpeg,1,1,0,ben_lower,train,True
IMG000405.jpeg,1,1,0,ben_lower,train,True
IMG000820.jpeg,1,1,0,ben_lower,train,True
IMG000590.jpeg,1,1,0,ben_lower,train,True
IMG001184.jpeg,1,1,0,ben_lower,train,True
IMG001355.jpeg,1,1,0,ben_lower,train,True
IMG001078.jpeg,1,1,0,ben_lower,train,True
IMG001469.jpeg,1,1,0,ben_lower,train,True
IMG000500.jpeg,1,1,0,ben_lower,train,True
IMG000355.jpeg,1,1,0,ben_lower,train,True
IMG000962.jpeg,1,1,0,ben_lower,train,True
IMG001242.jpeg,1,1,0,ben_lower,train,True
IMG001544.jpeg,1,1,0,ben_lower,train,True
IMG001508.jpeg,1,1,0,ben_lower,train,True
IMG000954.jpeg,1,1,0,ben_lower,train,True
IMG000922.jpeg,1,1,0,ben_lower,train,True
IMG001652.jpeg,1,1,0,ben_lower,train,True
IMG001555.jpeg,1,1,0,ben_lower,train,True
IMG000320.jpeg,1,1,0,ben_lower,train,True
IMG000704.jpeg,1,1,0,ben_lower,train,True
IMG001312.jpeg,1,1,0,ben_lower,train,True
IMG001016.jpeg,1,1,0,ben_lower,train,True
IMG001061.jpeg,1,1,0,ben_lower,train,True
IMG001490.jpeg,1,1,0,ben_lower,train,True
IMG000562.jpeg,1,1,0,ben_lower,train,True
IMG000684.jpeg,1,1,0,ben_lower,train,True
IMG001305.jpeg,1,1,0,ben_lower,train,True
IMG000450.jpeg,1,1,0,ben_lower,train,True
IMG000933.jpeg,1,1,0,ben_lower,train,True
IMG001704.jpeg,1,1,0,ben_lower,train,True
IMG001164.jpeg,1,1,0,ben_lower,train,True
IMG001782.jpeg,1,1,0,ben_lower,train,True
IMG001221.jpeg,1,1,0,ben_lower,train,True
IMG001509.jpeg,1,1,0,ben_lower,train,True
IMG000667.jpeg,1,1,0,ben_lower,train,True
IMG000896.jpeg,1,1,0,ben_lower,train,True
IMG001828.jpeg,1,1,0,ben_lower,train,True
IMG000806.jpeg,1,1,0,ben_lower,train,True
IMG000237.jpeg,1,1,0,ben_lower,train,True
IMG001734.jpeg,1,1,0,ben_lower,train,True
IMG000466.jpeg,1,1,0,ben_lower,train,True
IMG001360.jpeg,1,1,0,ben_lower,train,True
IMG001444.jpeg,1,1,0,ben_pelvis,train,True
IMG000683.jpeg,1,1,0,ben_pelvis,train,True
IMG000658.jpeg,1,1,0,ben_pelvis,train,True
IMG000249.jpeg,1,1,0,ben_pelvis,train,True
IMG000553.jpeg,1,1,0,ben_pelvis,train,True
IMG001616.jpeg,1,1,0,ben_pelvis,train,True
IMG001264.jpeg,1,1,0,ben_pelvis,train,True
IMG000950.jpeg,1,1,0,ben_pelvis,train,True
IMG001750.jpeg,1,1,0,ben_pelvis,train,True
IMG000844.jpeg,1,1,0,ben_pelvis,train,True
IMG001595.jpeg,1,1,0,ben_pelvis,train,True
IMG001501.jpeg,1,1,0,ben_pelvis,train,True
IMG001216.jpeg,1,1,0,ben_pelvis,train,True
IMG001129.jpeg,1,1,0,ben_pelvis,train,True
IMG000673.jpeg,1,1,0,ben_pelvis,train,True
IMG001215.jpeg,1,1,0,ben_pelvis,train,True
IMG000332.jpeg,1,1,0,ben_pelvis,train,True
IMG001696.jpeg,1,1,0,ben_pelvis,train,True
IMG001116.jpeg,1,1,0,ben_pelvis,train,True
IMG000642.jpeg,1,1,0,ben_pelvis,train,True
IMG001736.jpeg,1,1,0,ben_pelvis,train,True
IMG001290.jpeg,1,1,0,ben_pelvis,train,True
IMG000793.jpeg,1,1,0,ben_pelvis,train,True
IMG001735.jpeg,1,1,0,ben_pelvis,train,True
IMG001638.jpeg,1,1,0,ben_pelvis,train,True
IMG000564.jpeg,1,1,0,ben_pelvis,train,True
IMG000693.jpeg,1,1,0,ben_pelvis,train,True
IMG000833.jpeg,1,1,0,ben_pelvis,train,True
IMG001120.jpeg,1,1,0,ben_pelvis,train,True
IMG000248.jpeg,1,1,0,ben_pelvis,train,True
IMG000792.jpeg,1,1,0,ben_pelvis,train,True
IMG000513.jpeg,1,1,0,ben_pelvis,train,True
IMG000554.jpeg,1,1,0,ben_pelvis,train,True
IMG000690.jpeg,1,1,0,ben_pelvis,train,True
IMG001123.jpeg,1,1,0,ben_pelvis,train,True
IMG001156.jpeg,1,1,0,ben_pelvis,train,True
IMG001564.jpeg,1,1,0,ben_pelvis,train,True
IMG001583.jpeg,1,1,0,ben_pelvis,train,True
IMG000827.jpeg,1,1,0,ben_pelvis,train,True
IMG001572.jpeg,1,1,0,ben_pelvis,train,True
IMG000624.jpeg,1,1,0,ben_pelvis,train,True
IMG000831.jpeg,1,1,0,ben_pelvis,train,True
IMG000636.jpeg,1,1,0,ben_pelvis,train,True
IMG000828.jpeg,1,1,0,ben_pelvis,train,True
IMG000516.jpeg,1,1,0,ben_pelvis,train,True
IMG001110.jpeg,1,1,0,ben_pelvis,train,True
IMG001201.jpeg,1,1,0,ben_pelvis,train,True
IMG000794.jpeg,1,1,0,ben_pelvis,train,True
IMG000467.jpeg,1,1,0,ben_pelvis,train,True
IMG000621.jpeg,1,1,0,ben_pelvis,train,True
IMG001366.jpeg,1,1,0,ben_upper,train,True
IMG001542.jpeg,1,1,0,ben_upper,train,True
IMG000389.jpeg,1,1,0,ben_upper,train,True
IMG001443.jpeg,1,1,0,ben_upper,train,True
IMG001778.jpeg,1,1,0,ben_upper,train,True
IMG001020.jpeg,1,1,0,ben_upper,train,True
IMG001679.jpeg,1,1,0,ben_upper,train,True
IMG001225.jpeg,1,1,0,ben_upper,train,True
IMG001440.jpeg,1,1,0,ben_upper,train,True
IMG001540.jpeg,1,1,0,ben_upper,train,True
IMG001207.jpeg,1,1,0,ben_upper,train,True
IMG000836.jpeg,1,1,0,ben_upper,train,True
IMG001455.jpeg,1,1,0,ben_upper,train,True
IMG000315.jpeg,1,1,0,ben_upper,train,True
IMG001053.jpeg,1,1,0,ben_upper,train,True
IMG000557.jpeg,1,1,0,ben_upper,train,True
IMG001012.jpeg,1,1,0,ben_upper,train,True
IMG000453.jpeg,1,1,0,ben_upper,train,True
IMG000971.jpeg,1,1,0,ben_upper,train,True
IMG000532.jpeg,1,1,0,ben_upper,train,True
IMG001841.jpeg,1,1,0,ben_upper,train,True
IMG001179.jpeg,1,1,0,ben_upper,train,True
IMG001404.jpeg,1,1,0,ben_upper,train,True
IMG000497.jpeg,1,1,0,ben_upper,train,True
IMG000759.jpeg,1,1,0,ben_upper,train,True
IMG001178.jpeg,1,1,0,ben_upper,train,True
IMG000754.jpeg,1,1,0,ben_upper,train,True
IMG000739.jpeg,1,1,0,ben_upper,train,True
IMG001441.jpeg,1,1,0,ben_upper,train,True
IMG000262.jpeg,1,1,0,ben_upper,train,True
IMG001000.jpeg,1,1,0,ben_upper,train,True
IMG001006.jpeg,1,1,0,ben_upper,train,True
IMG001380.jpeg,1,1,0,ben_upper,train,True
IMG000417.jpeg,1,1,0,ben_upper,train,True
IMG000488.jpeg,1,1,0,ben_upper,train,True
IMG000570.jpeg,1,1,0,ben_upper,train,True
IMG001637.jpeg,1,1,0,ben_upper,train,True
IMG000633.jpeg,1,1,0,ben_upper,train,True
IMG001754.jpeg,1,1,0,ben_upper,train,True
IMG001394.jpeg,1,1,0,ben_upper,train,True
IMG000630.jpeg,1,1,0,ben_upper,train,True
IMG000555.jpeg,1,1,0,ben_upper,train,True
IMG001658.jpeg,1,1,0,ben_upper,train,True
IMG001003.jpeg,1,1,0,ben_upper,train,True
IMG001640.jpeg,1,1,0,ben_upper,train,True
IMG001005.jpeg,1,1,0,ben_upper,train,True
IMG000600.jpeg,1,1,0,ben_upper,train,True
IMG001581.jpeg,1,1,0,ben_upper,train,True
IMG001627.jpeg,1,1,0,ben_upper,train,True
IMG000875.jpeg,1,1,0,ben_upper,train,True
IMG000290.jpeg,1,1,0,ben_upper,train,True
IMG000540.jpeg,1,1,0,ben_upper,train,True
IMG000535.jpeg,1,1,0,ben_upper,train,True
IMG001840.jpeg,1,1,0,ben_upper,train,True
IMG001560.jpeg,1,1,0,ben_upper,train,True
IMG001403.jpeg,1,1,0,ben_upper,train,True
IMG001580.jpeg,1,1,0,ben_upper,train,True
IMG001746.jpeg,1,1,0,ben_upper,train,True
IMG001448.jpeg,1,1,0,ben_upper,train,True
IMG001621.jpeg,1,1,0,ben_upper,train,True
IMG000586.jpeg,1,1,0,ben_upper,train,True
IMG000801.jpeg,1,1,0,ben_upper,train,True
IMG000772.jpeg,1,1,0,ben_upper,train,True
IMG000899.jpeg,1,1,0,ben_upper,train,True
IMG000758.jpeg,1,1,0,ben_upper,train,True
IMG001356.jpeg,1,1,0,ben_upper,train,True
IMG000479.jpeg,1,1,0,ben_upper,train,True
IMG001808.jpeg,1,1,0,ben_upper,train,True
IMG001209.jpeg,1,1,0,ben_upper,train,True
IMG000468.jpeg,1,1,0,ben_upper,train,True
IMG001781.jpeg,1,1,0,ben_upper,train,True
IMG000494.jpeg,1,1,0,ben_upper,train,True
IMG001609.jpeg,1,1,0,ben_upper,train,True
IMG001665.jpeg,1,1,0,ben_upper,train,True
IMG001843.jpeg,1,1,0,ben_upper,train,True
IMG001586.jpeg,1,1,0,ben_upper,train,True
IMG000279.jpeg,1,1,0,ben_upper,train,True
IMG001484.jpeg,1,1,0,ben_upper,train,True
IMG001268.jpeg,1,1,0,ben_upper,train,True
IMG001684.jpeg,1,1,0,ben_upper,train,True
IMG001202.jpeg,1,1,0,ben_upper,train,True
IMG000826.jpeg,1,1,0,ben_upper,train,True
IMG001488.jpeg,1,1,0,ben_upper,train,True
IMG000609.jpeg,1,1,0,ben_upper,train,True
IMG001744.jpeg,1,1,0,ben_upper,train,True
IMG000454.jpeg,1,1,0,ben_upper,train,True
IMG000568.jpeg,1,1,0,ben_upper,train,True
IMG001280.jpeg,1,1,0,ben_upper,train,True
IMG001605.jpeg,1,1,0,ben_upper,train,True
IMG000605.jpeg,1,1,0,ben_upper,train,True
IMG000240.jpeg,1,1,0,ben_upper,train,True
IMG001852.jpeg,1,1,0,ben_upper,train,True
IMG000771.jpeg,1,1,0,ben_upper,train,True
IMG000339.jpeg,1,1,0,ben_upper,train,True
IMG000414.jpeg,1,1,0,ben_upper,train,True
IMG000235.jpeg,1,1,0,ben_upper,train,True
IMG000598.jpeg,1,1,0,ben_upper,train,True
IMG001755.jpeg,1,1,0,ben_upper,train,True
IMG000548.jpeg,1,1,0,ben_upper,train,True
IMG001670.jpeg,1,1,0,ben_upper,train,True
IMG001858.jpeg,1,1,0,ben_upper,train,True
IMG000346.jpeg,1,1,0,ben_upper,train,True
IMG001281.jpeg,1,1,0,ben_upper,train,True
IMG000863.jpeg,1,1,0,ben_upper,train,True
IMG000606.jpeg,1,1,0,ben_upper,train,True
IMG000972.jpeg,1,1,0,ben_upper,train,True
IMG000234.jpeg,1,1,0,ben_upper,train,True
IMG000528.jpeg,1,1,0,ben_upper,train,True
IMG000721.jpeg,1,1,0,ben_upper,train,True
IMG001703.jpeg,1,1,0,ben_upper,train,True
IMG000940.jpeg,1,1,0,ben_upper,train,True
IMG001272.jpeg,1,1,0,ben_upper,train,True
IMG000976.jpeg,1,1,0,ben_upper,train,True
IMG000610.jpeg,1,1,0,ben_upper,train,True
IMG001462.jpeg,1,1,0,ben_upper,train,True
IMG001052.jpeg,1,1,0,ben_upper,train,True
IMG001612.jpeg,1,1,0,ben_upper,train,True
IMG000707.jpeg,1,1,0,ben_upper,train,True
IMG000787.jpeg,1,1,0,ben_upper,train,True
IMG001090.jpeg,1,1,0,ben_upper,train,True
IMG001587.jpeg,1,1,0,ben_upper,train,True
IMG001203.jpeg,1,1,0,ben_upper,train,True
IMG000323.jpeg,1,1,0,ben_upper,train,True
IMG000514.jpeg,1,1,0,ben_upper,train,True
IMG000572.jpeg,1,1,0,ben_upper,train,True
IMG001001.jpeg,1,1,0,ben_upper,train,True
IMG000964.jpeg,1,1,0,ben_upper,train,True
IMG000480.jpeg,1,1,0,ben_upper,train,True
IMG001759.jpeg,1,1,0,ben_upper,train,True
IMG000274.jpeg,1,1,0,ben_upper,train,True
IMG000256.jpeg,1,1,0,ben_upper,train,True
IMG001489.jpeg,1,1,0,ben_upper,train,True
IMG001837.jpeg,1,1,0,ben_upper,train,True
IMG000939.jpeg,1,1,0,ben_upper,train,True
IMG001136.jpeg,1,1,0,ben_upper,train,True
IMG000418.jpeg,1,1,0,ben_upper,train,True
IMG001842.jpeg,1,1,0,ben_upper,train,True
IMG001171.jpeg,1,1,0,ben_upper,train,True
IMG000288.jpeg,1,1,0,ben_upper,train,True
IMG000558.jpeg,1,1,0,ben_upper,train,True
IMG000797.jpeg,1,1,0,ben_upper,train,True
IMG001382.jpeg,1,1,0,ben_upper,train,True
IMG001551.jpeg,1,1,0,ben_upper,train,True
IMG001639.jpeg,1,1,0,ben_upper,train,True
IMG000960.jpeg,1,1,0,ben_upper,train,True
IMG001442.jpeg,1,1,0,ben_upper,train,True
IMG000629.jpeg,1,1,0,ben_upper,train,True
IMG000460.jpeg,1,1,0,ben_upper,train,True
IMG000901.jpeg,1,1,0,ben_upper,train,True
IMG001383.jpeg,1,1,0,ben_upper,train,True
IMG000512.jpeg,1,1,0,ben_upper,train,True
IMG001200.jpeg,1,1,0,ben_upper,train,True
IMG001648.jpeg,1,1,0,ben_upper,train,True
IMG001445.jpeg,1,1,0,ben_upper,train,True
IMG001359.jpeg,1,1,0,ben_upper,train,True
IMG000384.jpeg,1,1,0,ben_upper,train,True
IMG001664.jpeg,1,1,0,ben_upper,train,True
IMG000604.jpeg,1,1,0,ben_upper,train,True
IMG001619.jpeg,1,1,0,ben_upper,train,True
IMG001134.jpeg,1,1,0,ben_upper,train,True
IMG001135.jpeg,1,1,0,ben_upper,train,True
IMG000571.jpeg,1,1,0,ben_upper,train,True
IMG000365.jpeg,1,1,0,ben_upper,train,True
IMG001334.jpeg,1,1,0,ben_upper,train,True
IMG000472.jpeg,1,1,0,ben_upper,train,True
IMG000318.jpeg,1,1,0,ben_upper,train,True
IMG001024.jpeg,1,1,0,ben_upper,train,True
IMG000730.jpeg,1,1,0,ben_upper,train,True
IMG000977.jpeg,1,1,0,ben_upper,train,True
IMG000260.jpeg,1,1,0,ben_upper,train,True
IMG001810.jpeg,1,1,0,ben_upper,train,True
IMG001701.jpeg,1,1,0,ben_upper,train,True
IMG001210.jpeg,1,1,0,ben_upper,train,True
IMG000599.jpeg,1,1,0,ben_upper,train,True
IMG001667.jpeg,1,1,0,ben_upper,train,True
IMG001850.jpeg,1,1,0,ben_upper,train,True
IMG001620.jpeg,1,1,0,ben_upper,train,True
IMG001794.jpeg,1,1,0,ben_upper,train,True
IMG000289.jpeg,1,1,0,ben_upper,train,True
IMG000961.jpeg,1,1,0,ben_upper,train,True
IMG000461.jpeg,1,1,0,ben_upper,train,True
IMG000877.jpeg,1,1,0,ben_upper,train,True
IMG001362.jpeg,1,1,0,ben_upper,train,True
IMG000825.jpeg,1,1,0,ben_upper,train,True
IMG000900.jpeg,1,1,0,ben_upper,train,True
IMG000257.jpeg,1,1,0,ben_upper,train,True
IMG001700.jpeg,1,1,0,ben_upper,train,True
IMG000469.jpeg,1,1,0,ben_upper,train,True
IMG001745.jpeg,1,1,0,ben_upper,train,True
IMG000324.jpeg,1,1,0,ben_upper,train,True
IMG000566.jpeg,1,1,0,ben_upper,train,True
IMG000942.jpeg,1,1,0,ben_upper,train,True
IMG001435.jpeg,1,1,0,ben_upper,train,True
IMG000843.jpeg,1,1,0,ben_upper,train,True
IMG001801.jpeg,1,1,0,ben_upper,train,True
IMG001853.jpeg,1,1,0,ben_upper,train,True
IMG001244.jpeg,1,1,0,ben_upper,train,True
IMG001742.jpeg,1,1,0,ben_upper,train,True
IMG000565.jpeg,1,1,0,ben_upper,train,True
IMG001685.jpeg,1,1,0,ben_upper,train,True
IMG000340.jpeg,1,1,0,ben_upper,train,True
IMG000795.jpeg,1,1,0,ben_upper,train,True
IMG000495.jpeg,1,1,0,ben_upper,train,True
IMG000241.jpeg,1,1,0,ben_upper,train,True
IMG001641.jpeg,1,1,0,ben_upper,train,True
IMG001460.jpeg,1,1,0,ben_upper,train,True
IMG001367.jpeg,1,1,0,ben_upper,train,True
IMG001313.jpeg,1,1,0,ben_upper,train,True
IMG000824.jpeg,1,1,0,ben_upper,train,True
IMG001659.jpeg,1,1,0,ben_upper,train,True
IMG001522.jpeg,1,1,0,ben_upper,train,True
IMG000974.jpeg,1,1,0,ben_upper,train,True
IMG001017.jpeg,1,1,0,ben_upper,train,True
IMG001772.jpeg,1,1,0,ben_upper,train,True
IMG000462.jpeg,1,1,0,ben_upper,train,True
IMG001091.jpeg,1,1,0,ben_upper,train,True
IMG000367.jpeg,1,1,0,ben_upper,train,True
IMG000307.jpeg,1,1,0,ben_upper,train,True
IMG000677.jpeg,1,1,0,ben_upper,train,True
IMG000326.jpeg,1,1,0,ben_upper,train,True
IMG001172.jpeg,1,1,0,ben_upper,train,True
IMG000550.jpeg,1,1,0,ben_upper,train,True
IMG001697.jpeg,1,1,0,ben_upper,train,True
IMG001856.jpeg,1,1,0,ben_upper,train,True
IMG001365.jpeg,1,1,0,ben_upper,train,True
IMG001173.jpeg,1,1,0,ben_upper,train,True
IMG001623.jpeg,1,1,0,ben_upper,train,True
IMG001194.jpeg,1,1,0,ben_upper,train,True
IMG000491.jpeg,1,1,0,ben_upper,train,True
IMG000388.jpeg,1,1,0,ben_upper,train,True
IMG001195.jpeg,1,1,0,ben_upper,train,True
IMG000502.jpeg,1,1,0,ben_upper,train,True
IMG001421.jpeg,1,1,0,ben_upper,train,True
IMG001773.jpeg,1,1,0,ben_upper,train,True
IMG001851.jpeg,1,1,0,ben_upper,train,True
IMG001248.jpeg,1,1,0,ben_upper,train,True
IMG000796.jpeg,1,1,0,ben_upper,train,True
IMG001849.jpeg,1,1,0,ben_upper,train,True
IMG001493.jpeg,1,1,0,ben_upper,train,True
IMG001678.jpeg,1,1,0,ben_upper,train,True
IMG000408.jpeg,1,1,0,ben_upper,train,True
IMG000603.jpeg,1,1,0,ben_upper,train,True
IMG001660.jpeg,1,1,0,ben_upper,train,True
IMG000541.jpeg,1,1,0,ben_upper,train,True
IMG000525.jpeg,1,1,0,ben_upper,train,True
IMG001291.jpeg,1,1,0,ben_upper,train,True
IMG001702.jpeg,1,1,0,ben_upper,train,True
IMG000347.jpeg,1,1,0,ben_upper,train,True
IMG001021.jpeg,1,1,0,ben_upper,train,True
IMG000560.jpeg,1,1,0,ben_upper,train,True
IMG000840.jpeg,1,1,0,ben_upper,train,True
IMG000259.jpeg,1,1,0,ben_upper,train,True
IMG001436.jpeg,1,1,0,ben_upper,train,True
IMG001149.jpeg,1,1,0,ben_upper,train,True
IMG001784.jpeg,1,1,0,ben_upper,train,True
IMG000314.jpeg,1,1,0,ben_upper,train,True
IMG000419.jpeg,1,1,0,ben_upper,train,True
IMG000511.jpeg,1,1,0,ben_upper,train,True
IMG001541.jpeg,1,1,0,ben_upper,train,True
IMG000569.jpeg,1,1,0,ben_upper,train,True
IMG000097.jpeg,1,0,1,mal_lower,train,True
IMG001827.jpeg,1,0,1,mal_lower,train,True
IMG000032.jpeg,1,0,1,mal_lower,train,True
IMG000188.jpeg,1,0,1,mal_lower,train,True
IMG001628.jpeg,1,0,1,mal_lower,train,True
IMG000119.jpeg,1,0,1,mal_lower,train,True
IMG000005.jpeg,1,0,1,mal_lower,train,True
IMG000127.jpeg,1,0,1,mal_lower,train,True
IMG001649.jpeg,1,0,1,mal_lower,train,True
IMG000212.jpeg,1,0,1,mal_lower,train,True
IMG001364.jpeg,1,0,1,mal_lower,train,True
IMG000057.jpeg,1,0,1,mal_lower,train,True
IMG001433.jpeg,1,0,1,mal_lower,train,True
IMG000123.jpeg,1,0,1,mal_lower,train,True
IMG000164.jpeg,1,0,1,mal_lower,train,True
IMG000103.jpeg,1,0,1,mal_lower,train,True
IMG001410.jpeg,1,0,1,mal_lower,train,True
IMG000044.jpeg,1,0,1,mal_lower,train,True
IMG000074.jpeg,1,0,1,mal_lower,train,True
IMG000198.jpeg,1,0,1,mal_lower,train,True
IMG000131.jpeg,1,0,1,mal_lower,train,True
IMG000083.jpeg,1,0,1,mal_lower,train,True
IMG000165.jpeg,1,0,1,mal_lower,train,True
IMG001646.jpeg,1,0,1,mal_lower,train,True
IMG000031.jpeg,1,0,1,mal_lower,train,True
IMG000019.jpeg,1,0,1,mal_lower,train,True
IMG000045.jpeg,1,0,1,mal_lower,train,True
IMG000098.jpeg,1,0,1,mal_lower,train,True
IMG000061.jpeg,1,0,1,mal_lower,train,True
IMG001532.jpeg,1,0,1,mal_lower,train,True
IMG000112.jpeg,1,0,1,mal_lower,train,True
IMG000104.jpeg,1,0,1,mal_lower,train,True
IMG001395.jpeg,1,0,1,mal_lower,train,True
IMG000219.jpeg,1,0,1,mal_lower,train,True
IMG000062.jpeg,1,0,1,mal_lower,train,True
IMG000233.jpeg,1,0,1,mal_lower,train,True
IMG000217.jpeg,1,0,1,mal_lower,train,True
IMG001533.jpeg,1,0,1,mal_lower,train,True
IMG000230.jpeg,1,0,1,mal_lower,train,True
IMG000120.jpeg,1,0,1,mal_lower,train,True
IMG000169.jpeg,1,0,1,mal_lower,train,True
IMG000006.jpeg,1,0,1,mal_lower,train,True
IMG000220.jpeg,1,0,1,mal_lower,train,True
IMG000182.jpeg,1,0,1,mal_lower,train,True
IMG000067.jpeg,1,0,1,mal_lower,train,True
IMG001432.jpeg,1,0,1,mal_lower,train,True
IMG000096.jpeg,1,0,1,mal_lower,train,True
IMG000183.jpeg,1,0,1,mal_lower,train,True
IMG000142.jpeg,1,0,1,mal_lower,train,True
IMG001505.jpeg,1,0,1,mal_lower,train,True
IMG000189.jpeg,1,0,1,mal_lower,train,True
IMG001397.jpeg,1,0,1,mal_lower,train,True
IMG000143.jpeg,1,0,1,mal_lower,train,True
IMG001545.jpeg,1,0,1,mal_lower,train,True
IMG000201.jpeg,1,0,1,mal_lower,train,True
IMG001459.jpeg,1,0,1,mal_lower,train,True
IMG000095.jpeg,1,0,1,mal_lower,train,True
IMG001566.jpeg,1,0,1,mal_lower,train,True
IMG000085.jpeg,1,0,1,mal_lower,train,True
IMG001559.jpeg,1,0,1,mal_lower,train,True
IMG001573.jpeg,1,0,1,mal_lower,train,True
IMG000199.jpeg,1,0,1,mal_lower,train,True
IMG000060.jpeg,1,0,1,mal_lower,train,True
IMG001471.jpeg,1,0,1,mal_lower,train,True
IMG000186.jpeg,1,0,1,mal_lower,train,True
IMG000129.jpeg,1,0,1,mal_lower,train,True
IMG000072.jpeg,1,0,1,mal_lower,train,True
IMG000218.jpeg,1,0,1,mal_lower,train,True
IMG000073.jpeg,1,0,1,mal_lower,train,True
IMG000880.jpeg,1,0,1,mal_lower,train,True
IMG001761.jpeg,1,0,1,mal_lower,train,True
IMG000021.jpeg,1,0,1,mal_lower,train,True
IMG000105.jpeg,1,0,1,mal_lower,train,True
IMG001867.jpeg,1,0,1,mal_lower,train,True
IMG000200.jpeg,1,0,1,mal_lower,train,True
IMG000058.jpeg,1,0,1,mal_lower,train,True
IMG001504.jpeg,1,0,1,mal_lower,train,True
IMG000216.jpeg,1,0,1,mal_lower,train,True
IMG000213.jpeg,1,0,1,mal_lower,train,True
IMG001453.jpeg,1,0,1,mal_lower,train,True
IMG001402.jpeg,1,0,1,mal_lower,train,True
IMG001384.jpeg,1,0,1,mal_lower,train,True
IMG001351.jpeg,1,0,1,mal_lower,train,True
IMG000191.jpeg,1,0,1,mal_lower,train,True
IMG000194.jpeg,1,0,1,mal_lower,train,True
IMG001558.jpeg,1,0,1,mal_lower,train,True
IMG000208.jpeg,1,0,1,mal_lower,train,True
IMG000192.jpeg,1,0,1,mal_lower,train,True
IMG000089.jpeg,1,0,1,mal_lower,train,True
IMG000128.jpeg,1,0,1,mal_lower,train,True
IMG000087.jpeg,1,0,1,mal_lower,train,True
IMG000146.jpeg,1,0,1,mal_lower,train,True
IMG001634.jpeg,1,0,1,mal_lower,train,True
IMG001717.jpeg,1,0,1,mal_lower,train,True
IMG001681.jpeg,1,0,1,mal_lower,train,True
IMG001420.jpeg,1,0,1,mal_lower,train,True
IMG000094.jpeg,1,0,1,mal_lower,train,True
IMG000004.jpeg,1,0,1,mal_lower,train,True
IMG000185.jpeg,1,0,1,mal_lower,train,True
IMG000007.jpeg,1,0,1,mal_lower,train,True
IMG001385.jpeg,1,0,1,mal_lower,train,True
IMG000086.jpeg,1,0,1,mal_lower,train,True
IMG000020.jpeg,1,0,1,mal_lower,train,True
IMG000075.jpeg,1,0,1,mal_lower,train,True
IMG000168.jpeg,1,0,1,mal_lower,train,True
IMG000132.jpeg,1,0,1,mal_lower,train,True
IMG001567.jpeg,1,0,1,mal_lower,train,True
IMG000102.jpeg,1,0,1,mal_lower,train,True
IMG000221.jpeg,1,0,1,mal_lower,train,True
IMG001650.jpeg,1,0,1,mal_lower,train,True
IMG001486.jpeg,1,0,1,mal_lower,train,True
IMG000084.jpeg,1,0,1,mal_lower,train,True
IMG000029.jpeg,1,0,1,mal_lower,train,True
IMG000040.jpeg,1,0,1,mal_lower,train,True
IMG001546.jpeg,1,0,1,mal_lower,train,True
IMG000158.jpeg,1,0,1,mal_lower,train,True
IMG000101.jpeg,1,0,1,mal_lower,train,True
IMG000002.jpeg,1,0,1,mal_lower,train,True
IMG000028.jpeg,1,0,1,mal_lower,train,True
IMG000070.jpeg,1,0,1,mal_lower,train,True
IMG000064.jpeg,1,0,1,mal_lower,train,True
IMG000059.jpeg,1,0,1,mal_lower,train,True
IMG000162.jpeg,1,0,1,mal_lower,train,True
IMG001419.jpeg,1,0,1,mal_lower,train,True
IMG000163.jpeg,1,0,1,mal_lower,train,True
IMG001625.jpeg,1,0,1,mal_lower,train,True
IMG000193.jpeg,1,0,1,mal_lower,train,True
IMG000124.jpeg,1,0,1,mal_lower,train,True
IMG000088.jpeg,1,0,1,mal_lower,train,True
IMG001474.jpeg,1,0,1,mal_lower,train,True
IMG000025.jpeg,1,0,1,mal_lower,train,True
IMG000166.jpeg,1,0,1,mal_lower,train,True
IMG000092.jpeg,1,0,1,mal_lower,train,True
IMG000022.jpeg,1,0,1,mal_lower,train,True
IMG000125.jpeg,1,0,1,mal_lower,train,True
IMG000214.jpeg,1,0,1,mal_lower,train,True
IMG001647.jpeg,1,0,1,mal_lower,train,True
IMG000117.jpeg,1,0,1,mal_lower,train,True
IMG000053.jpeg,1,0,1,mal_lower,train,True
IMG000181.jpeg,1,0,1,mal_lower,train,True
IMG000137.jpeg,1,0,1,mal_lower,train,True
IMG001574.jpeg,1,0,1,mal_lower,train,True
IMG000209.jpeg,1,0,1,mal_lower,train,True
IMG001408.jpeg,1,0,1,mal_lower,train,True
IMG000232.jpeg,1,0,1,mal_lower,train,True
IMG000171.jpeg,1,0,1,mal_lower,train,True
IMG000231.jpeg,1,0,1,mal_lower,train,True
IMG000196.jpeg,1,0,1,mal_lower,train,True
IMG001760.jpeg,1,0,1,mal_lower,train,True
IMG000184.jpeg,1,0,1,mal_lower,train,True
IMG001865.jpeg,1,0,1,mal_lower,train,True
IMG000037.jpeg,1,0,1,mal_lower,train,True
IMG000023.jpeg,1,0,1,mal_lower,train,True
IMG001414.jpeg,1,0,1,mal_lower,train,True
IMG001633.jpeg,1,0,1,mal_lower,train,True
IMG001718.jpeg,1,0,1,mal_lower,train,True
IMG000038.jpeg,1,0,1,mal_lower,train,True
IMG000607.jpeg,1,0,1,mal_lower,train,True
IMG000227.jpeg,1,0,1,mal_lower,train,True
IMG000130.jpeg,1,0,1,mal_lower,train,True
IMG001472.jpeg,1,0,1,mal_lower,train,True
IMG001575.jpeg,1,0,1,mal_lower,train,True
IMG000156.jpeg,1,0,1,mal_pelvis,train,True
IMG000157.jpeg,1,0,1,mal_pelvis,train,True
IMG000144.jpeg,1,0,1,mal_pelvis,train,True
IMG000001.jpeg,1,0,1,mal_pelvis,train,True
IMG000145.jpeg,1,0,1,mal_pelvis,train,True
IMG000114.jpeg,1,0,1,mal_pelvis,train,True
IMG000202.jpeg,1,0,1,mal_pelvis,train,True
IMG000036.jpeg,1,0,1,mal_pelvis,train,True
IMG001657.jpeg,1,0,1,mal_pelvis,train,True
IMG000197.jpeg,1,0,1,mal_pelvis,train,True
IMG001835.jpeg,1,0,1,mal_pelvis,train,True
IMG000174.jpeg,1,0,1,mal_pelvis,train,True
IMG000050.jpeg,1,0,1,mal_pelvis,train,True
IMG001812.jpeg,1,0,1,mal_pelvis,train,True
IMG000049.jpeg,1,0,1,mal_pelvis,train,True
IMG001838.jpeg,1,0,1,mal_pelvis,train,True
IMG000223.jpeg,1,0,1,mal_pelvis,train,True
IMG000048.jpeg,1,0,1,mal_pelvis,train,True
IMG001406.jpeg,1,0,1,mal_pelvis,train,True
IMG000035.jpeg,1,0,1,mal_pelvis,train,True
IMG001716.jpeg,1,0,1,mal_pelvis,train,True
IMG000012.jpeg,1,0,1,mal_pelvis,train,True
IMG000133.jpeg,1,0,1,mal_upper,train,True
IMG000108.jpeg,1,0,1,mal_upper,train,True
IMG000111.jpeg,1,0,1,mal_upper,train,True
IMG000110.jpeg,1,0,1,mal_upper,train,True
IMG000081.jpeg,1,0,1,mal_upper,train,True
IMG000056.jpeg,1,0,1,mal_upper,train,True
IMG000079.jpeg,1,0,1,mal_upper,train,True
IMG000016.jpeg,1,0,1,mal_upper,train,True
IMG000008.jpeg,1,0,1,mal_upper,train,True
IMG000033.jpeg,1,0,1,mal_upper,train,True
IMG001439.jpeg,1,0,1,mal_upper,train,True
IMG001379.jpeg,1,0,1,mal_upper,train,True
IMG000150.jpeg,1,0,1,mal_upper,train,True
IMG001578.jpeg,1,0,1,mal_upper,train,True
IMG000010.jpeg,1,0,1,mal_upper,train,True
IMG001691.jpeg,1,0,1,mal_upper,train,True
IMG000140.jpeg,1,0,1,mal_upper,train,True
IMG001690.jpeg,1,0,1,mal_upper,train,True
IMG000175.jpeg,1,0,1,mal_upper,train,True
IMG000203.jpeg,1,0,1,mal_upper,train,True
IMG001579.jpeg,1,0,1,mal_upper,train,True
IMG000148.jpeg,1,0,1,mal_upper,train,True
IMG000207.jpeg,1,0,1,mal_upper,train,True
IMG000115.jpeg,1,0,1,mal_upper,train,True
IMG001377.jpeg,1,0,1,mal_upper,train,True
IMG000066.jpeg,1,0,1,mal_upper,train,True
IMG001431.jpeg,1,0,1,mal_upper,train,True
IMG001599.jpeg,1,0,1,mal_upper,train,True
IMG000013.jpeg,1,0,1,mal_upper,train,True
IMG000100.jpeg,1,0,1,mal_upper,train,True
IMG000176.jpeg,1,0,1,mal_upper,train,True
IMG001631.jpeg,1,0,1,mal_upper,train,True
IMG000014.jpeg,1,0,1,mal_upper,train,True
IMG000039.jpeg,1,0,1,mal_upper,train,True
IMG001376.jpeg,1,0,1,mal_upper,train,True
IMG000055.jpeg,1,0,1,mal_upper,train,True
IMG001748.jpeg,1,0,1,mal_upper,train,True
IMG000116.jpeg,1,0,1,mal_upper,train,True
IMG001378.jpeg,1,0,1,mal_upper,train,True
IMG000052.jpeg,1,0,1,mal_upper,train,True
IMG000043.jpeg,1,0,1,mal_upper,train,True
IMG001682.jpeg,1,0,1,mal_upper,train,True
IMG001352.jpeg,1,0,1,mal_upper,train,True
IMG000009.jpeg,1,0,1,mal_upper,train,True
IMG000082.jpeg,1,0,1,mal_upper,train,True
IMG001683.jpeg,1,0,1,mal_upper,train,True
IMG000109.jpeg,1,0,1,mal_upper,train,True
IMG001375.jpeg,1,0,1,mal_upper,train,True
IMG001430.jpeg,1,0,1,mal_upper,train,True
IMG000015.jpeg,1,0,1,mal_upper,train,True
IMG000122.jpeg,1,0,1,mal_upper,train,True
IMG000172.jpeg,1,0,1,mal_upper,train,True
IMG000179.jpeg,1,0,1,mal_upper,train,True
IMG000211.jpeg,1,0,1,mal_upper,train,True
IMG001630.jpeg,1,0,1,mal_upper,train,True
IMG001747.jpeg,1,0,1,mal_upper,train,True
IMG001712.jpeg,1,1,0,ben_lower,val,True
IMG000545.jpeg,1,1,0,ben_lower,val,True
IMG000927.jpeg,1,1,0,ben_lower,val,True
IMG001343.jpeg,1,1,0,ben_lower,val,True
IMG001330.jpeg,1,1,0,ben_lower,val,True
IMG000471.jpeg,1,1,0,ben_lower,val,True
IMG000592.jpeg,1,1,0,ben_lower,val,True
IMG000371.jpeg,1,1,0,ben_lower,val,True
IMG000263.jpeg,1,1,0,ben_lower,val,True
IMG001014.jpeg,1,1,0,ben_lower,val,True
IMG001153.jpeg,1,1,0,ben_lower,val,True
IMG001863.jpeg,1,1,0,ben_lower,val,True
IMG001315.jpeg,1,1,0,ben_lower,val,True
IMG001862.jpeg,1,1,0,ben_lower,val,True
IMG000884.jpeg,1,1,0,ben_lower,val,True
IMG000350.jpeg,1,1,0,ben_lower,val,True
IMG001798.jpeg,1,1,0,ben_lower,val,True
IMG001737.jpeg,1,1,0,ben_lower,val,True
IMG001345.jpeg,1,1,0,ben_lower,val,True
IMG000496.jpeg,1,1,0,ben_lower,val,True
IMG001592.jpeg,1,1,0,ben_lower,val,True
IMG000432.jpeg,1,1,0,ben_lower,val,True
IMG000890.jpeg,1,1,0,ben_lower,val,True
IMG001556.jpeg,1,1,0,ben_lower,val,True
IMG001332.jpeg,1,1,0,ben_lower,val,True
IMG000507.jpeg,1,1,0,ben_lower,val,True
IMG000616.jpeg,1,1,0,ben_lower,val,True
IMG000394.jpeg,1,1,0,ben_lower,val,True
IMG000735.jpeg,1,1,0,ben_lower,val,True
IMG001259.jpeg,1,1,0,ben_lower,val,True
IMG000819.jpeg,1,1,0,ben_lower,val,True
IMG000329.jpeg,1,1,0,ben_lower,val,True
IMG000377.jpeg,1,1,0,ben_lower,val,True
IMG001145.jpeg,1,1,0,ben_lower,val,True
IMG001155.jpeg,1,1,0,ben_lower,val,True
IMG001816.jpeg,1,1,0,ben_lower,val,True
IMG000312.jpeg,1,1,0,ben_lower,val,True
IMG001753.jpeg,1,1,0,ben_lower,val,True
IMG000912.jpeg,1,1,0,ben_lower,val,True
IMG000841.jpeg,1,1,0,ben_lower,val,True
IMG001447.jpeg,1,1,0,ben_lower,val,True
IMG000752.jpeg,1,1,0,ben_lower,val,True
IMG000867.jpeg,1,1,0,ben_lower,val,True
IMG001161.jpeg,1,1,0,ben_lower,val,True
IMG000376.jpeg,1,1,0,ben_lower,val,True
IMG000372.jpeg,1,1,0,ben_lower,val,True
IMG000505.jpeg,1,1,0,ben_lower,val,True
IMG000823.jpeg,1,1,0,ben_lower,val,True
IMG001336.jpeg,1,1,0,ben_lower,val,True
IMG001329.jpeg,1,1,0,ben_lower,val,True
IMG000601.jpeg,1,1,0,ben_lower,val,True
IMG000918.jpeg,1,1,0,ben_lower,val,True
IMG001058.jpeg,1,1,0,ben_lower,val,True
IMG001049.jpeg,1,1,0,ben_lower,val,True
IMG001793.jpeg,1,1,0,ben_lower,val,True
IMG000424.jpeg,1,1,0,ben_lower,val,True
IMG001438.jpeg,1,1,0,ben_lower,val,True
IMG000546.jpeg,1,1,0,ben_lower,val,True
IMG001476.jpeg,1,1,0,ben_lower,val,True
IMG001176.jpeg,1,1,0,ben_lower,val,True
IMG001859.jpeg,1,1,0,ben_lower,val,True
IMG000593.jpeg,1,1,0,ben_lower,val,True
IMG000978.jpeg,1,1,0,ben_lower,val,True
IMG001371.jpeg,1,1,0,ben_lower,val,True
IMG000724.jpeg,1,1,0,ben_lower,val,True
IMG001715.jpeg,1,1,0,ben_lower,val,True
IMG000338.jpeg,1,1,0,ben_lower,val,True
IMG001720.jpeg,1,1,0,ben_lower,val,True
IMG000327.jpeg,1,1,0,ben_lower,val,True
IMG001122.jpeg,1,1,0,ben_lower,val,True
IMG001233.jpeg,1,1,0,ben_lower,val,True
IMG000343.jpeg,1,1,0,ben_lower,val,True
IMG000244.jpeg,1,1,0,ben_lower,val,True
IMG000573.jpeg,1,1,0,ben_lower,val,True
IMG001389.jpeg,1,1,0,ben_lower,val,True
IMG000583.jpeg,1,1,0,ben_lower,val,True
IMG001032.jpeg,1,1,0,ben_lower,val,True
IMG001071.jpeg,1,1,0,ben_lower,val,True
IMG000269.jpeg,1,1,0,ben_lower,val,True
IMG000734.jpeg,1,1,0,ben_lower,val,True
IMG001590.jpeg,1,1,0,ben_lower,val,True
IMG000578.jpeg,1,1,0,ben_lower,val,True
IMG000615.jpeg,1,1,0,ben_lower,val,True
IMG000406.jpeg,1,1,0,ben_lower,val,True
IMG000893.jpeg,1,1,0,ben_lower,val,True
IMG000981.jpeg,1,1,0,ben_lower,val,True
IMG000878.jpeg,1,1,0,ben_lower,val,True
IMG001513.jpeg,1,1,0,ben_lower,val,True
IMG001151.jpeg,1,1,0,ben_lower,val,True
IMG001180.jpeg,1,1,0,ben_lower,val,True
IMG001642.jpeg,1,1,0,ben_lower,val,True
IMG000702.jpeg,1,1,0,ben_lower,val,True
IMG001239.jpeg,1,1,0,ben_lower,val,True
IMG000521.jpeg,1,1,0,ben_lower,val,True
IMG001211.jpeg,1,1,0,ben_lower,val,True
IMG001779.jpeg,1,1,0,ben_lower,val,True
IMG001607.jpeg,1,1,0,ben_lower,val,True
IMG001525.jpeg,1,1,0,ben_lower,val,True
IMG001709.jpeg,1,1,0,ben_lower,val,True
IMG000858.jpeg,1,1,0,ben_lower,val,True
IMG001092.jpeg,1,1,0,ben_lower,val,True
IMG000992.jpeg,1,1,0,ben_lower,val,True
IMG001669.jpeg,1,1,0,ben_lower,val,True
IMG000470.jpeg,1,1,0,ben_lower,val,True
IMG001027.jpeg,1,1,0,ben_lower,val,True
IMG000920.jpeg,1,1,0,ben_lower,val,True
IMG001162.jpeg,1,1,0,ben_lower,val,True
IMG000420.jpeg,1,1,0,ben_lower,val,True
IMG000412.jpeg,1,1,0,ben_lower,val,True
IMG001308.jpeg,1,1,0,ben_lower,val,True
IMG000997.jpeg,1,1,0,ben_lower,val,True
IMG001783.jpeg,1,1,0,ben_lower,val,True
IMG000341.jpeg,1,1,0,ben_lower,val,True
IMG001391.jpeg,1,1,0,ben_lower,val,True
IMG000932.jpeg,1,1,0,ben_lower,val,True
IMG001265.jpeg,1,1,0,ben_lower,val,True
IMG000360.jpeg,1,1,0,ben_lower,val,True
IMG000353.jpeg,1,1,0,ben_lower,val,True
IMG001706.jpeg,1,1,0,ben_lower,val,True
IMG000596.jpeg,1,1,0,ben_lower,val,True
IMG000322.jpeg,1,1,0,ben_lower,val,True
IMG000595.jpeg,1,1,0,ben_lower,val,True
IMG000697.jpeg,1,1,0,ben_lower,val,True
IMG001369.jpeg,1,1,0,ben_lower,val,True
IMG001427.jpeg,1,1,0,ben_lower,val,True
IMG000765.jpeg,1,1,0,ben_lower,val,True
IMG001549.jpeg,1,1,0,ben_lower,val,True
IMG000267.jpeg,1,1,0,ben_lower,val,True
IMG000935.jpeg,1,1,0,ben_lower,val,True
IMG000715.jpeg,1,1,0,ben_lower,val,True
IMG001082.jpeg,1,1,0,ben_lower,val,True
IMG000222.jpeg,1,1,0,ben_lower,val,True
IMG000995.jpeg,1,1,0,ben_lower,val,True
IMG001323.jpeg,1,1,0,ben_lower,val,True
IMG001013.jpeg,1,1,0,ben_lower,val,True
IMG000463.jpeg,1,1,0,ben_lower,val,True
IMG001529.jpeg,1,1,0,ben_lower,val,True
IMG000779.jpeg,1,1,0,ben_lower,val,True
IMG001602.jpeg,1,1,0,ben_lower,val,True
IMG000519.jpeg,1,1,0,ben_lower,val,True
IMG001762.jpeg,1,1,0,ben_lower,val,True
IMG001689.jpeg,1,1,0,ben_lower,val,True
IMG001138.jpeg,1,1,0,ben_lower,val,True
IMG001454.jpeg,1,1,0,ben_lower,val,True
IMG000686.jpeg,1,1,0,ben_lower,val,True
IMG001112.jpeg,1,1,0,ben_lower,val,True
IMG001510.jpeg,1,1,0,ben_lower,val,True
IMG000391.jpeg,1,1,0,ben_lower,val,True
IMG000959.jpeg,1,1,0,ben_lower,val,True
IMG000486.jpeg,1,1,0,ben_lower,val,True
IMG001304.jpeg,1,1,0,ben_lower,val,True
IMG000952.jpeg,1,1,0,ben_lower,val,True
IMG001654.jpeg,1,1,0,ben_lower,val,True
IMG001247.jpeg,1,1,0,ben_lower,val,True
IMG001515.jpeg,1,1,0,ben_lower,val,True
IMG001253.jpeg,1,1,0,ben_lower,val,True
IMG000238.jpeg,1,1,0,ben_lower,val,True
IMG000895.jpeg,1,1,0,ben_lower,val,True
IMG001796.jpeg,1,1,0,ben_lower,val,True
IMG000873.jpeg,1,1,0,ben_lower,val,True
IMG000679.jpeg,1,1,0,ben_lower,val,True
IMG000397.jpeg,1,1,0,ben_lower,val,True
IMG000333.jpeg,1,1,0,ben_pelvis,val,True
IMG001749.jpeg,1,1,0,ben_pelvis,val,True
IMG001437.jpeg,1,1,0,ben_pelvis,val,True
IMG000245.jpeg,1,1,0,ben_pelvis,val,True
IMG000835.jpeg,1,1,0,ben_pelvis,val,True
IMG000640.jpeg,1,1,0,ben_pelvis,val,True
IMG000552.jpeg,1,1,0,ben_pelvis,val,True
IMG001128.jpeg,1,1,0,ben_pelvis,val,True
IMG001614.jpeg,1,1,0,ben_pelvis,val,True
IMG001263.jpeg,1,1,0,ben_pelvis,val,True
IMG000925.jpeg,1,1,0,ben_pelvis,val,True
IMG000611.jpeg,1,1,0,ben_upper,val,True
IMG001004.jpeg,1,1,0,ben_upper,val,True
IMG000635.jpeg,1,1,0,ben_upper,val,True
IMG000837.jpeg,1,1,0,ben_upper,val,True
IMG001622.jpeg,1,1,0,ben_upper,val,True
IMG000321.jpeg,1,1,0,ben_upper,val,True
IMG001608.jpeg,1,1,0,ben_upper,val,True
IMG000800.jpeg,1,1,0,ben_upper,val,True
IMG001150.jpeg,1,1,0,ben_upper,val,True
IMG000271.jpeg,1,1,0,ben_upper,val,True
IMG001643.jpeg,1,1,0,ben_upper,val,True
IMG000852.jpeg,1,1,0,ben_upper,val,True
IMG001661.jpeg,1,1,0,ben_upper,val,True
IMG001624.jpeg,1,1,0,ben_upper,val,True
IMG000680.jpeg,1,1,0,ben_upper,val,True
IMG000459.jpeg,1,1,0,ben_upper,val,True
IMG001368.jpeg,1,1,0,ben_upper,val,True
IMG001126.jpeg,1,1,0,ben_upper,val,True
IMG000585.jpeg,1,1,0,ben_upper,val,True
IMG000869.jpeg,1,1,0,ben_upper,val,True
IMG001809.jpeg,1,1,0,ben_upper,val,True
IMG000740.jpeg,1,1,0,ben_upper,val,True
IMG001208.jpeg,1,1,0,ben_upper,val,True
IMG001671.jpeg,1,1,0,ben_upper,val,True
IMG000999.jpeg,1,1,0,ben_upper,val,True
IMG001251.jpeg,1,1,0,ben_upper,val,True
IMG000373.jpeg,1,1,0,ben_upper,val,True
IMG000534.jpeg,1,1,0,ben_upper,val,True
IMG001523.jpeg,1,1,0,ben_upper,val,True
IMG001694.jpeg,1,1,0,ben_upper,val,True
IMG001353.jpeg,1,1,0,ben_upper,val,True
IMG000250.jpeg,1,1,0,ben_upper,val,True
IMG001618.jpeg,1,1,0,ben_upper,val,True
IMG001314.jpeg,1,1,0,ben_upper,val,True
IMG000755.jpeg,1,1,0,ben_upper,val,True
IMG001333.jpeg,1,1,0,ben_upper,val,True
IMG000671.jpeg,1,1,0,ben_upper,val,True
IMG001802.jpeg,1,1,0,ben_upper,val,True
IMG001401.jpeg,1,1,0,ben_upper,val,True
IMG000720.jpeg,1,1,0,ben_upper,val,True
IMG001854.jpeg,1,1,0,ben_upper,val,True
IMG000386.jpeg,1,1,0,ben_upper,val,True
IMG000556.jpeg,1,1,0,ben_upper,val,True
IMG000551.jpeg,1,1,0,ben_upper,val,True
IMG000559.jpeg,1,1,0,ben_upper,val,True
IMG001601.jpeg,1,1,0,ben_upper,val,True
IMG001189.jpeg,1,1,0,ben_upper,val,True
IMG001463.jpeg,1,1,0,ben_upper,val,True
IMG000729.jpeg,1,1,0,ben_upper,val,True
IMG000524.jpeg,1,1,0,ben_upper,val,True
IMG001214.jpeg,1,1,0,ben_upper,val,True
IMG001069.jpeg,1,1,0,ben_upper,val,True
IMG001011.jpeg,1,1,0,ben_upper,val,True
IMG000851.jpeg,1,1,0,ben_upper,val,True
IMG000325.jpeg,1,1,0,ben_upper,val,True
IMG000963.jpeg,1,1,0,ben_upper,val,True
IMG000069.jpeg,1,0,1,mal_lower,val,True
IMG000136.jpeg,1,0,1,mal_lower,val,True
IMG000187.jpeg,1,0,1,mal_lower,val,True
IMG000177.jpeg,1,0,1,mal_lower,val,True
IMG000159.jpeg,1,0,1,mal_lower,val,True
IMG000091.jpeg,1,0,1,mal_lower,val,True
IMG000215.jpeg,1,0,1,mal_lower,val,True
IMG000041.jpeg,1,0,1,mal_lower,val,True
IMG001483.jpeg,1,0,1,mal_lower,val,True
IMG001390.jpeg,1,0,1,mal_lower,val,True
IMG001487.jpeg,1,0,1,mal_lower,val,True
IMG000030.jpeg,1,0,1,mal_lower,val,True
IMG000167.jpeg,1,0,1,mal_lower,val,True
IMG001492.jpeg,1,0,1,mal_lower,val,True
IMG000226.jpeg,1,0,1,mal_lower,val,True
IMG000063.jpeg,1,0,1,mal_lower,val,True
IMG001482.jpeg,1,0,1,mal_lower,val,True
IMG000003.jpeg,1,0,1,mal_lower,val,True
IMG001577.jpeg,1,0,1,mal_lower,val,True
IMG000135.jpeg,1,0,1,mal_lower,val,True
IMG001675.jpeg,1,0,1,mal_lower,val,True
IMG001458.jpeg,1,0,1,mal_lower,val,True
IMG000107.jpeg,1,0,1,mal_lower,val,True
IMG000076.jpeg,1,0,1,mal_lower,val,True
IMG000018.jpeg,1,0,1,mal_lower,val,True
IMG000106.jpeg,1,0,1,mal_lower,val,True
IMG001434.jpeg,1,0,1,mal_lower,val,True
IMG001629.jpeg,1,0,1,mal_lower,val,True
IMG001350.jpeg,1,0,1,mal_lower,val,True
IMG000017.jpeg,1,0,1,mal_lower,val,True
IMG001576.jpeg,1,0,1,mal_lower,val,True
IMG001396.jpeg,1,0,1,mal_lower,val,True
IMG001415.jpeg,1,0,1,mal_lower,val,True
IMG001363.jpeg,1,0,1,mal_lower,val,True
IMG000190.jpeg,1,0,1,mal_pelvis,val,True
IMG000071.jpeg,1,0,1,mal_pelvis,val,True
IMG000026.jpeg,1,0,1,mal_pelvis,val,True
IMG000151.jpeg,1,0,1,mal_pelvis,val,True
IMG000011.jpeg,1,0,1,mal_pelvis,val,True
IMG001767.jpeg,1,0,1,mal_upper,val,True
IMG000210.jpeg,1,0,1,mal_upper,val,True
IMG000080.jpeg,1,0,1,mal_upper,val,True
IMG001600.jpeg,1,0,1,mal_upper,val,True
IMG000153.jpeg,1,0,1,mal_upper,val,True
IMG000099.jpeg,1,0,1,mal_upper,val,True
IMG000134.jpeg,1,0,1,mal_upper,val,True
IMG001617.jpeg,1,0,1,mal_upper,val,True
IMG001673.jpeg,1,0,1,mal_upper,val,True
IMG000065.jpeg,1,0,1,mal_upper,val,True
IMG000206.jpeg,1,0,1,mal_upper,val,True
IMG000149.jpeg,1,0,1,mal_upper,val,True
IMG000736.jpeg,1,1,0,ben_lower,test,True
IMG001140.jpeg,1,1,0,ben_lower,test,True
IMG001311.jpeg,1,1,0,ben_lower,test,True
IMG001770.jpeg,1,1,0,ben_lower,test,True
IMG001289.jpeg,1,1,0,ben_lower,test,True
IMG001008.jpeg,1,1,0,ben_lower,test,True
IMG001528.jpeg,1,1,0,ben_lower,test,True
IMG001193.jpeg,1,1,0,ben_lower,test,True
IMG000400.jpeg,1,1,0,ben_lower,test,True
IMG001252.jpeg,1,1,0,ben_lower,test,True
IMG001593.jpeg,1,1,0,ben_lower,test,True
IMG000253.jpeg,1,1,0,ben_lower,test,True
IMG001604.jpeg,1,1,0,ben_lower,test,True
IMG001031.jpeg,1,1,0,ben_lower,test,True
IMG000619.jpeg,1,1,0,ben_lower,test,True
IMG001803.jpeg,1,1,0,ben_lower,test,True
IMG000913.jpeg,1,1,0,ben_lower,test,True
IMG001799.jpeg,1,1,0,ben_lower,test,True
IMG000788.jpeg,1,1,0,ben_lower,test,True
IMG000799.jpeg,1,1,0,ben_lower,test,True
IMG001844.jpeg,1,1,0,ben_lower,test,True
IMG001079.jpeg,1,1,0,ben_lower,test,True
IMG000857.jpeg,1,1,0,ben_lower,test,True
IMG001820.jpeg,1,1,0,ben_lower,test,True
IMG001339.jpeg,1,1,0,ben_lower,test,True
IMG001787.jpeg,1,1,0,ben_lower,test,True
IMG001117.jpeg,1,1,0,ben_lower,test,True
IMG000448.jpeg,1,1,0,ben_lower,test,True
IMG000395.jpeg,1,1,0,ben_lower,test,True
IMG001497.jpeg,1,1,0,ben_lower,test,True
IMG000304.jpeg,1,1,0,ben_lower,test,True
IMG001297.jpeg,1,1,0,ben_lower,test,True
IMG001790.jpeg,1,1,0,ben_lower,test,True
IMG000944.jpeg,1,1,0,ben_lower,test,True
IMG000967.jpeg,1,1,0,ben_lower,test,True
IMG000430.jpeg,1,1,0,ben_lower,test,True
IMG001728.jpeg,1,1,0,ben_lower,test,True
IMG000764.jpeg,1,1,0,ben_lower,test,True
IMG000815.jpeg,1,1,0,ben_lower,test,True
IMG001065.jpeg,1,1,0,ben_lower,test,True
IMG001825.jpeg,1,1,0,ben_lower,test,True
IMG000864.jpeg,1,1,0,ben_lower,test,True
IMG001066.jpeg,1,1,0,ben_lower,test,True
IMG001285.jpeg,1,1,0,ben_lower,test,True
IMG000643.jpeg,1,1,0,ben_lower,test,True
IMG001010.jpeg,1,1,0,ben_lower,test,True
IMG001039.jpeg,1,1,0,ben_lower,test,True
IMG001283.jpeg,1,1,0,ben_lower,test,True
IMG000614.jpeg,1,1,0,ben_lower,test,True
IMG001791.jpeg,1,1,0,ben_lower,test,True
IMG000645.jpeg,1,1,0,ben_lower,test,True
IMG000435.jpeg,1,1,0,ben_lower,test,True
IMG000903.jpeg,1,1,0,ben_lower,test,True
IMG001142.jpeg,1,1,0,ben_lower,test,True
IMG001585.jpeg,1,1,0,ben_lower,test,True
IMG001527.jpeg,1,1,0,ben_lower,test,True
IMG000812.jpeg,1,1,0,ben_lower,test,True
IMG000951.jpeg,1,1,0,ben_lower,test,True
IMG001158.jpeg,1,1,0,ben_lower,test,True
IMG000544.jpeg,1,1,0,ben_lower,test,True
IMG000705.jpeg,1,1,0,ben_lower,test,True
IMG001806.jpeg,1,1,0,ben_lower,test,True
IMG001516.jpeg,1,1,0,ben_lower,test,True
IMG001045.jpeg,1,1,0,ben_lower,test,True
IMG001656.jpeg,1,1,0,ben_lower,test,True
IMG001584.jpeg,1,1,0,ben_lower,test,True
IMG000543.jpeg,1,1,0,ben_lower,test,True
IMG000336.jpeg,1,1,0,ben_lower,test,True
IMG000648.jpeg,1,1,0,ben_lower,test,True
IMG000817.jpeg,1,1,0,ben_lower,test,True
IMG000706.jpeg,1,1,0,ben_lower,test,True
IMG001358.jpeg,1,1,0,ben_lower,test,True
IMG000283.jpeg,1,1,0,ben_lower,test,True
IMG001411.jpeg,1,1,0,ben_lower,test,True
IMG000582.jpeg,1,1,0,ben_lower,test,True
IMG000319.jpeg,1,1,0,ben_lower,test,True
IMG001320.jpeg,1,1,0,ben_lower,test,True
IMG001310.jpeg,1,1,0,ben_lower,test,True
IMG001457.jpeg,1,1,0,ben_lower,test,True
IMG000716.jpeg,1,1,0,ben_lower,test,True
IMG001198.jpeg,1,1,0,ben_lower,test,True
IMG000567.jpeg,1,1,0,ben_lower,test,True
IMG001035.jpeg,1,1,0,ben_lower,test,True
IMG001804.jpeg,1,1,0,ben_lower,test,True
IMG001139.jpeg,1,1,0,ben_lower,test,True
IMG001603.jpeg,1,1,0,ben_lower,test,True
IMG000650.jpeg,1,1,0,ben_lower,test,True
IMG000785.jpeg,1,1,0,ben_lower,test,True
IMG000907.jpeg,1,1,0,ben_lower,test,True
IMG000465.jpeg,1,1,0,ben_lower,test,True
IMG000612.jpeg,1,1,0,ben_lower,test,True
IMG001260.jpeg,1,1,0,ben_lower,test,True
IMG000998.jpeg,1,1,0,ben_lower,test,True
IMG000477.jpeg,1,1,0,ben_lower,test,True
IMG001131.jpeg,1,1,0,ben_lower,test,True
IMG001094.jpeg,1,1,0,ben_lower,test,True
IMG000344.jpeg,1,1,0,ben_lower,test,True
IMG001147.jpeg,1,1,0,ben_lower,test,True
IMG001196.jpeg,1,1,0,ben_lower,test,True
IMG001645.jpeg,1,1,0,ben_lower,test,True
IMG001227.jpeg,1,1,0,ben_lower,test,True
IMG000647.jpeg,1,1,0,ben_lower,test,True
IMG001177.jpeg,1,1,0,ben_lower,test,True
IMG000539.jpeg,1,1,0,ben_lower,test,True
IMG001236.jpeg,1,1,0,ben_lower,test,True
IMG001277.jpeg,1,1,0,ben_lower,test,True
IMG000717.jpeg,1,1,0,ben_lower,test,True
IMG001261.jpeg,1,1,0,ben_lower,test,True
IMG001563.jpeg,1,1,0,ben_lower,test,True
IMG001819.jpeg,1,1,0,ben_lower,test,True
IMG001813.jpeg,1,1,0,ben_lower,test,True
IMG000522.jpeg,1,1,0,ben_lower,test,True
IMG001832.jpeg,1,1,0,ben_lower,test,True
IMG000457.jpeg,1,1,0,ben_lower,test,True
IMG001060.jpeg,1,1,0,ben_lower,test,True
IMG000897.jpeg,1,1,0,ben_lower,test,True
IMG000369.jpeg,1,1,0,ben_lower,test,True
IMG000431.jpeg,1,1,0,ben_lower,test,True
IMG000798.jpeg,1,1,0,ben_lower,test,True
IMG001254.jpeg,1,1,0,ben_lower,test,True
IMG001068.jpeg,1,1,0,ben_lower,test,True
IMG000455.jpeg,1,1,0,ben_lower,test,True
IMG001299.jpeg,1,1,0,ben_lower,test,True
IMG000617.jpeg,1,1,0,ben_lower,test,True
IMG001591.jpeg,1,1,0,ben_lower,test,True
IMG000361.jpeg,1,1,0,ben_lower,test,True
IMG000993.jpeg,1,1,0,ben_lower,test,True
IMG001205.jpeg,1,1,0,ben_lower,test,True
IMG001246.jpeg,1,1,0,ben_lower,test,True
IMG000509.jpeg,1,1,0,ben_lower,test,True
IMG001302.jpeg,1,1,0,ben_lower,test,True
IMG000499.jpeg,1,1,0,ben_lower,test,True
IMG001847.jpeg,1,1,0,ben_lower,test,True
IMG001182.jpeg,1,1,0,ben_lower,test,True
IMG000866.jpeg,1,1,0,ben_lower,test,True
IMG000701.jpeg,1,1,0,ben_lower,test,True
IMG001824.jpeg,1,1,0,ben_lower,test,True
IMG001191.jpeg,1,1,0,ben_lower,test,True
IMG001465.jpeg,1,1,0,ben_lower,test,True
IMG000710.jpeg,1,1,0,ben_lower,test,True
IMG000255.jpeg,1,1,0,ben_lower,test,True
IMG001034.jpeg,1,1,0,ben_lower,test,True
IMG001550.jpeg,1,1,0,ben_lower,test,True
IMG000882.jpeg,1,1,0,ben_lower,test,True
IMG001451.jpeg,1,1,0,ben_lower,test,True
IMG000814.jpeg,1,1,0,ben_lower,test,True
IMG000311.jpeg,1,1,0,ben_lower,test,True
IMG001789.jpeg,1,1,0,ben_lower,test,True
IMG000910.jpeg,1,1,0,ben_lower,test,True
IMG000876.jpeg,1,1,0,ben_lower,test,True
IMG000501.jpeg,1,1,0,ben_lower,test,True
IMG000328.jpeg,1,1,0,ben_lower,test,True
IMG000334.jpeg,1,1,0,ben_lower,test,True
IMG001464.jpeg,1,1,0,ben_lower,test,True
IMG000482.jpeg,1,1,0,ben_lower,test,True
IMG000530.jpeg,1,1,0,ben_lower,test,True
IMG000660.jpeg,1,1,0,ben_lower,test,True
IMG000888.jpeg,1,1,0,ben_lower,test,True
IMG000936.jpeg,1,1,0,ben_lower,test,True
IMG001028.jpeg,1,1,0,ben_lower,test,True
IMG000308.jpeg,1,1,0,ben_lower,test,True
IMG000576.jpeg,1,1,0,ben_lower,test,True
IMG001056.jpeg,1,1,0,ben_pelvis,test,True
IMG000247.jpeg,1,1,0,ben_pelvis,test,True
IMG000622.jpeg,1,1,0,ben_pelvis,test,True
IMG001596.jpeg,1,1,0,ben_pelvis,test,True
IMG001805.jpeg,1,1,0,ben_pelvis,test,True
IMG000838.jpeg,1,1,0,ben_pelvis,test,True
IMG000623.jpeg,1,1,0,ben_pelvis,test,True
IMG000834.jpeg,1,1,0,ben_pelvis,test,True
IMG000791.jpeg,1,1,0,ben_pelvis,test,True
IMG000446.jpeg,1,1,0,ben_pelvis,test,True
IMG001473.jpeg,1,1,0,ben_pelvis,test,True
IMG000317.jpeg,1,1,0,ben_upper,test,True
IMG000287.jpeg,1,1,0,ben_upper,test,True
IMG000868.jpeg,1,1,0,ben_upper,test,True
IMG000549.jpeg,1,1,0,ben_upper,test,True
IMG001267.jpeg,1,1,0,ben_upper,test,True
IMG001811.jpeg,1,1,0,ben_upper,test,True
IMG000437.jpeg,1,1,0,ben_upper,test,True
IMG001243.jpeg,1,1,0,ben_upper,test,True
IMG000415.jpeg,1,1,0,ben_upper,test,True
IMG000634.jpeg,1,1,0,ben_upper,test,True
IMG000839.jpeg,1,1,0,ben_upper,test,True
IMG001680.jpeg,1,1,0,ben_upper,test,True
IMG000678.jpeg,1,1,0,ben_upper,test,True
IMG000366.jpeg,1,1,0,ben_upper,test,True
IMG001668.jpeg,1,1,0,ben_upper,test,True
IMG001855.jpeg,1,1,0,ben_upper,test,True
IMG001494.jpeg,1,1,0,ben_upper,test,True
IMG001381.jpeg,1,1,0,ben_upper,test,True
IMG001677.jpeg,1,1,0,ben_upper,test,True
IMG001857.jpeg,1,1,0,ben_upper,test,True
IMG001114.jpeg,1,1,0,ben_upper,test,True
IMG001485.jpeg,1,1,0,ben_upper,test,True
IMG000965.jpeg,1,1,0,ben_upper,test,True
IMG000387.jpeg,1,1,0,ben_upper,test,True
IMG001723.jpeg,1,1,0,ben_upper,test,True
IMG001170.jpeg,1,1,0,ben_upper,test,True
IMG001676.jpeg,1,1,0,ben_upper,test,True
IMG000975.jpeg,1,1,0,ben_upper,test,True
IMG000773.jpeg,1,1,0,ben_upper,test,True
IMG001357.jpeg,1,1,0,ben_upper,test,True
IMG000383.jpeg,1,1,0,ben_upper,test,True
IMG000533.jpeg,1,1,0,ben_upper,test,True
IMG001743.jpeg,1,1,0,ben_upper,test,True
IMG001188.jpeg,1,1,0,ben_upper,test,True
IMG000523.jpeg,1,1,0,ben_upper,test,True
IMG000258.jpeg,1,1,0,ben_upper,test,True
IMG001292.jpeg,1,1,0,ben_upper,test,True
IMG001461.jpeg,1,1,0,ben_upper,test,True
IMG001839.jpeg,1,1,0,ben_upper,test,True
IMG001249.jpeg,1,1,0,ben_upper,test,True
IMG000438.jpeg,1,1,0,ben_upper,test,True
IMG000966.jpeg,1,1,0,ben_upper,test,True
IMG001636.jpeg,1,1,0,ben_upper,test,True
IMG001405.jpeg,1,1,0,ben_upper,test,True
IMG000489.jpeg,1,1,0,ben_upper,test,True
IMG000292.jpeg,1,1,0,ben_upper,test,True
IMG001400.jpeg,1,1,0,ben_upper,test,True
IMG000529.jpeg,1,1,0,ben_upper,test,True
IMG001739.jpeg,1,1,0,ben_upper,test,True
IMG001751.jpeg,1,1,0,ben_upper,test,True
IMG001127.jpeg,1,1,0,ben_upper,test,True
IMG001115.jpeg,1,1,0,ben_upper,test,True
IMG001848.jpeg,1,1,0,ben_upper,test,True
IMG001361.jpeg,1,1,0,ben_upper,test,True
IMG000941.jpeg,1,1,0,ben_upper,test,True
IMG000316.jpeg,1,1,0,ben_upper,test,True
IMG001373.jpeg,1,0,1,mal_lower,test,True
IMG001535.jpeg,1,0,1,mal_lower,test,True
IMG000225.jpeg,1,0,1,mal_lower,test,True
IMG000180.jpeg,1,0,1,mal_lower,test,True
IMG001626.jpeg,1,0,1,mal_lower,test,True
IMG000228.jpeg,1,0,1,mal_lower,test,True
IMG000113.jpeg,1,0,1,mal_lower,test,True
IMG001534.jpeg,1,0,1,mal_lower,test,True
IMG000054.jpeg,1,0,1,mal_lower,test,True
IMG000147.jpeg,1,0,1,mal_lower,test,True
IMG000224.jpeg,1,0,1,mal_lower,test,True
IMG000138.jpeg,1,0,1,mal_lower,test,True
IMG000047.jpeg,1,0,1,mal_lower,test,True
IMG000093.jpeg,1,0,1,mal_lower,test,True
IMG000195.jpeg,1,0,1,mal_lower,test,True
IMG001409.jpeg,1,0,1,mal_lower,test,True
IMG000068.jpeg,1,0,1,mal_lower,test,True
IMG000090.jpeg,1,0,1,mal_lower,test,True
IMG000205.jpeg,1,0,1,mal_lower,test,True
IMG000229.jpeg,1,0,1,mal_lower,test,True
IMG000046.jpeg,1,0,1,mal_lower,test,True
IMG001866.jpeg,1,0,1,mal_lower,test,True
IMG000126.jpeg,1,0,1,mal_lower,test,True
IMG000608.jpeg,1,0,1,mal_lower,test,True
IMG000118.jpeg,1,0,1,mal_lower,test,True
IMG000024.jpeg,1,0,1,mal_lower,test,True
IMG001475.jpeg,1,0,1,mal_lower,test,True
IMG001740.jpeg,1,0,1,mal_lower,test,True
IMG000178.jpeg,1,0,1,mal_lower,test,True
IMG001521.jpeg,1,0,1,mal_lower,test,True
IMG001413.jpeg,1,0,1,mal_lower,test,True
IMG001741.jpeg,1,0,1,mal_lower,test,True
IMG000141.jpeg,1,0,1,mal_lower,test,True
IMG000170.jpeg,1,0,1,mal_lower,test,True
IMG000027.jpeg,1,0,1,mal_pelvis,test,True
IMG000155.jpeg,1,0,1,mal_pelvis,test,True
IMG000152.jpeg,1,0,1,mal_pelvis,test,True
IMG000160.jpeg,1,0,1,mal_pelvis,test,True
IMG000161.jpeg,1,0,1,mal_pelvis,test,True
IMG000173.jpeg,1,0,1,mal_upper,test,True
IMG000077.jpeg,1,0,1,mal_upper,test,True
IMG000042.jpeg,1,0,1,mal_upper,test,True
IMG001764.jpeg,1,0,1,mal_upper,test,True
IMG000078.jpeg,1,0,1,mal_upper,test,True
IMG000121.jpeg,1,0,1,mal_upper,test,True
IMG000139.jpeg,1,0,1,mal_upper,test,True
IMG000204.jpeg,1,0,1,mal_upper,test,True
IMG001674.jpeg,1,0,1,mal_upper,test,True
IMG000051.jpeg,1,0,1,mal_upper,test,True
IMG000154.jpeg,1,0,1,mal_upper,test,True
IMG000034.jpeg,1,0,1,mal_upper,test,True
